head,relation,tail,label
ic_D40,interacts,T66,1
ic_D61,interacts,T171,1
gpcr_D207,interacts,T14,1
e_D105,interacts,T94,1
ic_D93,interacts,T99,1
gpcr_D192,interacts,T9,1
ic_D20,interacts,T146,1
gpcr_D67,interacts,T15,1
gpcr_D22,interacts,T25,1
e_D142,interacts,T657,1
e_D27,interacts,T211,1
ic_D58,interacts,T56,1
ic_D49,interacts,T172,1
gpcr_D114,interacts,T17,1
e_D430,interacts,T303,1
e_D18,interacts,T207,1
gpcr_D148,interacts,T4,1
gpcr_D22,interacts,T47,1
ic_D111,interacts,T187,1
gpcr_D182,interacts,T89,1
ic_D200,interacts,T19,1
e_D54,interacts,T129,1
ic_D93,interacts,T176,1
ic_D38,interacts,T178,1
e_D430,interacts,T157,1
gpcr_D178,interacts,T17,1
gpcr_D98,interacts,T51,1
e_D370,interacts,T355,1
e_D69,interacts,T99,1
e_D107,interacts,T337,1
e_D29,interacts,T480,1
e_D316,interacts,T581,1
e_D304,interacts,T407,1
e_D339,interacts,T98,1
e_D217,interacts,T324,1
ic_D14,interacts,T95,1
ic_D158,interacts,T197,1
e_D69,interacts,T107,1
ic_D49,interacts,T175,1
gpcr_D178,interacts,T26,1
e_D57,interacts,T110,1
ic_D72,interacts,T179,1
ic_D80,interacts,T73,1
gpcr_D138,interacts,T19,1
e_D293,interacts,T443,1
ic_D129,interacts,T108,1
ic_D60,interacts,T190,1
gpcr_D9,interacts,T20,1
e_D262,interacts,T294,1
e_D412,interacts,T100,1
e_D62,interacts,T121,1
e_D117,interacts,T94,1
gpcr_D208,interacts,T19,1
nr_D52,interacts,T11,1
ic_D176,interacts,T131,1
e_D1,interacts,T491,1
e_D426,interacts,T57,1
e_D101,interacts,T81,1
e_D432,interacts,T161,1
ic_D49,interacts,T193,1
e_D1,interacts,T259,1
e_D301,interacts,T153,1
ic_D26,interacts,T202,1
e_D50,interacts,T144,1
e_D93,interacts,T607,1
e_D226,interacts,T334,1
ic_D47,interacts,T28,1
ic_D6,interacts,T26,1
ic_D82,interacts,T178,1
ic_D78,interacts,T7,1
gpcr_D102,interacts,T39,1
ic_D176,interacts,T46,1
e_D369,interacts,T577,1
e_D142,interacts,T411,1
gpcr_D197,interacts,T22,1
ic_D121,interacts,T60,1
e_D10,interacts,T509,1
e_D179,interacts,T611,1
e_D433,interacts,T441,1
ic_D176,interacts,T77,1
e_D131,interacts,T239,1
gpcr_D44,interacts,T18,1
e_D411,interacts,T550,1
gpcr_D76,interacts,T19,1
ic_D192,interacts,T17,1
e_D182,interacts,T610,1
ic_D164,interacts,T11,1
e_D149,interacts,T252,1
e_D134,interacts,T213,1
e_D388,interacts,T325,1
e_D131,interacts,T415,1
e_D148,interacts,T302,1
gpcr_D181,interacts,T61,1
e_D105,interacts,T107,1
e_D262,interacts,T577,1
e_D111,interacts,T556,1
e_D108,interacts,T89,1
gpcr_D31,interacts,T45,1
ic_D135,interacts,T176,1
e_D8,interacts,T268,1
e_D108,interacts,T104,1
gpcr_D29,interacts,T88,1
ic_D93,interacts,T89,1
ic_D90,interacts,T156,1
e_D329,interacts,T229,1
gpcr_D13,interacts,T12,1
e_D260,interacts,T224,1
ic_D72,interacts,T188,1
ic_D84,interacts,T133,1
gpcr_D24,interacts,T81,1
ic_D55,interacts,T40,1
ic_D14,interacts,T125,1
ic_D67,interacts,T29,1
gpcr_D180,interacts,T3,1
gpcr_D110,interacts,T18,1
ic_D108,interacts,T197,1
e_D41,interacts,T90,1
e_D371,interacts,T398,1
e_D378,interacts,T93,1
gpcr_D102,interacts,T37,1
e_D12,interacts,T73,1
ic_D28,interacts,T151,1
e_D196,interacts,T81,1
e_D180,interacts,T604,1
e_D314,interacts,T334,1
e_D260,interacts,T97,1
ic_D91,interacts,T45,1
e_D246,interacts,T318,1
e_D246,interacts,T620,1
e_D313,interacts,T70,1
ic_D80,interacts,T171,1
e_D16,interacts,T24,1
gpcr_D15,interacts,T81,1
e_D199,interacts,T61,1
ic_D61,interacts,T43,1
gpcr_D49,interacts,T26,1
e_D52,interacts,T520,1
e_D1,interacts,T46,1
e_D242,interacts,T519,1
ic_D114,interacts,T149,1
ic_D20,interacts,T173,1
e_D247,interacts,T334,1
ic_D84,interacts,T175,1
gpcr_D58,interacts,T17,1
e_D243,interacts,T613,1
ic_D7,interacts,T146,1
e_D306,interacts,T640,1
e_D117,interacts,T518,1
ic_D82,interacts,T190,1
ic_D197,interacts,T110,1
ic_D26,interacts,T172,1
gpcr_D123,interacts,T70,1
gpcr_D211,interacts,T22,1
e_D101,interacts,T101,1
e_D59,interacts,T532,1
e_D180,interacts,T613,1
e_D431,interacts,T242,1
e_D149,interacts,T85,1
e_D311,interacts,T580,1
e_D29,interacts,T466,1
e_D277,interacts,T195,1
e_D220,interacts,T98,1
e_D1,interacts,T312,1
e_D41,interacts,T108,1
gpcr_D43,interacts,T24,1
ic_D68,interacts,T27,1
ic_D38,interacts,T128,1
ic_D185,interacts,T172,1
ic_D82,interacts,T145,1
ic_D72,interacts,T181,1
e_D117,interacts,T98,1
e_D164,interacts,T98,1
e_D122,interacts,T93,1
gpcr_D22,interacts,T29,1
ic_D84,interacts,T178,1
ic_D13,interacts,T32,1
ic_D171,interacts,T28,1
e_D432,interacts,T284,1
e_D101,interacts,T635,1
e_D16,interacts,T565,1
ic_D114,interacts,T153,1
e_D65,interacts,T608,1
e_D372,interacts,T284,1
ic_D20,interacts,T144,1
gpcr_D199,interacts,T4,1
e_D149,interacts,T84,1
ic_D107,interacts,T61,1
ic_D198,interacts,T153,1
ic_D176,interacts,T75,1
e_D108,interacts,T91,1
e_D366,interacts,T74,1
ic_D159,interacts,T155,1
e_D164,interacts,T83,1
ic_D174,interacts,T150,1
ic_D193,interacts,T9,1
e_D196,interacts,T94,1
e_D54,interacts,T40,1
ic_D49,interacts,T159,1
e_D23,interacts,T290,1
e_D436,interacts,T324,1
e_D37,interacts,T519,1
e_D220,interacts,T90,1
e_D233,interacts,T94,1
ic_D61,interacts,T180,1
gpcr_D171,interacts,T22,1
e_D142,interacts,T416,1
e_D295,interacts,T271,1
e_D411,interacts,T82,1
e_D105,interacts,T108,1
ic_D40,interacts,T197,1
ic_D67,interacts,T26,1
e_D75,interacts,T317,1
gpcr_D80,interacts,T21,1
e_D64,interacts,T520,1
e_D99,interacts,T393,1
e_D105,interacts,T518,1
e_D432,interacts,T356,1
ic_D24,interacts,T106,1
e_D148,interacts,T613,1
e_D29,interacts,T40,1
e_D31,interacts,T211,1
e_D39,interacts,T309,1
e_D353,interacts,T640,1
e_D71,interacts,T393,1
e_D50,interacts,T426,1
gpcr_D169,interacts,T22,1
e_D70,interacts,T27,1
e_D41,interacts,T635,1
ic_D113,interacts,T156,1
e_D111,interacts,T633,1
e_D314,interacts,T532,1
e_D432,interacts,T185,1
e_D326,interacts,T195,1
ic_D176,interacts,T89,1
e_D318,interacts,T271,1
e_D386,interacts,T164,1
e_D54,interacts,T466,1
e_D262,interacts,T157,1
gpcr_D178,interacts,T28,1
e_D432,interacts,T360,1
ic_D144,interacts,T177,1
e_D360,interacts,T287,1
ic_D64,interacts,T51,1
e_D311,interacts,T644,1
e_D140,interacts,T607,1
e_D111,interacts,T383,1
e_D99,interacts,T401,1
gpcr_D42,interacts,T18,1
ic_D167,interacts,T191,1
e_D29,interacts,T467,1
e_D29,interacts,T482,1
e_D10,interacts,T525,1
e_D150,interacts,T231,1
e_D149,interacts,T92,1
ic_D86,interacts,T197,1
gpcr_D162,interacts,T24,1
ic_D117,interacts,T8,1
e_D84,interacts,T520,1
e_D108,interacts,T96,1
e_D372,interacts,T153,1
e_D389,interacts,T324,1
e_D276,interacts,T396,1
e_D29,interacts,T637,1
e_D262,interacts,T182,1
e_D431,interacts,T322,1
e_D244,interacts,T407,1
e_D233,interacts,T96,1
gpcr_D38,interacts,T73,1
e_D134,interacts,T518,1
e_D139,interacts,T609,1
e_D347,interacts,T325,1
ic_D163,interacts,T151,1
gpcr_D220,interacts,T23,1
ic_D176,interacts,T175,1
e_D254,interacts,T215,1
ic_D66,interacts,T69,1
gpcr_D170,interacts,T27,1
e_D306,interacts,T397,1
e_D139,interacts,T209,1
e_D12,interacts,T364,1
ic_D69,interacts,T31,1
e_D71,interacts,T408,1
ic_D20,interacts,T128,1
e_D301,interacts,T539,1
e_D238,interacts,T641,1
ic_D66,interacts,T47,1
ic_D14,interacts,T117,1
e_D101,interacts,T111,1
gpcr_D213,interacts,T45,1
e_D16,interacts,T511,1
e_D65,interacts,T612,1
e_D431,interacts,T358,1
e_D197,interacts,T61,1
ic_D90,interacts,T147,1
e_D260,interacts,T84,1
e_D358,interacts,T393,1
e_D105,interacts,T85,1
e_D142,interacts,T110,1
ic_D207,interacts,T164,1
e_D432,interacts,T75,1
gpcr_D54,interacts,T6,1
ic_D13,interacts,T39,1
gpcr_D14,interacts,T4,1
ic_D90,interacts,T73,1
gpcr_D124,interacts,T45,1
gpcr_D167,interacts,T33,1
e_D14,interacts,T517,1
gpcr_D121,interacts,T27,1
e_D344,interacts,T325,1
e_D206,interacts,T91,1
e_D328,interacts,T582,1
gpcr_D79,interacts,T17,1
e_D430,interacts,T534,1
e_D165,interacts,T19,1
e_D430,interacts,T197,1
ic_D198,interacts,T147,1
ic_D49,interacts,T202,1
e_D370,interacts,T573,1
e_D91,interacts,T531,1
ic_D196,interacts,T151,1
ic_D84,interacts,T172,1
e_D179,interacts,T604,1
ic_D72,interacts,T142,1
ic_D20,interacts,T142,1
e_D252,interacts,T596,1
e_D233,interacts,T110,1
ic_D139,interacts,T156,1
ic_D203,interacts,T190,1
gpcr_D203,interacts,T22,1
e_D301,interacts,T148,1
ic_D26,interacts,T189,1
ic_D77,interacts,T163,1
e_D216,interacts,T519,1
ic_D14,interacts,T77,1
ic_D166,interacts,T191,1
e_D362,interacts,T194,1
e_D321,interacts,T519,1
e_D101,interacts,T241,1
e_D39,interacts,T320,1
ic_D205,interacts,T9,1
e_D372,interacts,T141,1
e_D233,interacts,T103,1
e_D218,interacts,T95,1
ic_D14,interacts,T184,1
e_D29,interacts,T469,1
e_D383,interacts,T519,1
gpcr_D72,interacts,T52,1
ic_D61,interacts,T178,1
e_D71,interacts,T405,1
e_D376,interacts,T271,1
gpcr_D67,interacts,T67,1
e_D358,interacts,T398,1
e_D294,interacts,T581,1
e_D187,interacts,T393,1
ic_D64,interacts,T30,1
ic_D64,interacts,T135,1
gpcr_D154,interacts,T55,1
e_D317,interacts,T401,1
e_D370,interacts,T75,1
e_D64,interacts,T221,1
ic_D38,interacts,T202,1
e_D244,interacts,T233,1
e_D177,interacts,T605,1
e_D413,interacts,T88,1
ic_D14,interacts,T79,1
gpcr_D78,interacts,T20,1
ic_D22,interacts,T167,1
e_D64,interacts,T124,1
e_D70,interacts,T397,1
e_D430,interacts,T200,1
gpcr_D164,interacts,T21,1
e_D69,interacts,T224,1
e_D140,interacts,T604,1
ic_D20,interacts,T175,1
e_D260,interacts,T107,1
e_D62,interacts,T447,1
gpcr_D202,interacts,T5,1
ic_D49,interacts,T170,1
e_D16,interacts,T541,1
ic_D176,interacts,T25,1
e_D93,interacts,T609,1
e_D54,interacts,T136,1
e_D262,interacts,T545,1
gpcr_D158,interacts,T20,1
e_D368,interacts,T407,1
e_D71,interacts,T401,1
ic_D22,interacts,T90,1
e_D139,interacts,T606,1
e_D1,interacts,T55,1
e_D13,interacts,T112,1
gpcr_D168,interacts,T4,1
gpcr_D217,interacts,T62,1
e_D152,interacts,T231,1
ic_D38,interacts,T180,1
e_D214,interacts,T26,1
ic_D107,interacts,T29,1
nr_D19,interacts,T20,1
e_D164,interacts,T85,1
ic_D163,interacts,T150,1
e_D238,interacts,T233,1
e_D142,interacts,T264,1
ic_D44,interacts,T151,1
e_D378,interacts,T538,1
ic_D167,interacts,T10,1
e_D334,interacts,T604,1
e_D140,interacts,T209,1
gpcr_D98,interacts,T57,1
e_D260,interacts,T100,1
e_D246,interacts,T440,1
e_D108,interacts,T102,1
ic_D121,interacts,T17,1
ic_D168,interacts,T30,1
e_D111,interacts,T31,1
gpcr_D165,interacts,T87,1
ic_D121,interacts,T127,1
e_D427,interacts,T609,1
ic_D61,interacts,T173,1
ic_D26,interacts,T176,1
e_D243,interacts,T611,1
e_D416,interacts,T121,1
e_D317,interacts,T407,1
e_D262,interacts,T603,1
gpcr_D67,interacts,T36,1
e_D149,interacts,T109,1
ic_D90,interacts,T153,1
e_D182,interacts,T607,1
e_D16,interacts,T389,1
e_D188,interacts,T605,1
e_D118,interacts,T304,1
ic_D16,interacts,T174,1
ic_D26,interacts,T171,1
gpcr_D160,interacts,T23,1
ic_D107,interacts,T30,1
e_D201,interacts,T519,1
ic_D176,interacts,T90,1
ic_D39,interacts,T202,1
gpcr_D69,interacts,T60,1
ic_D49,interacts,T180,1
e_D38,interacts,T178,1
e_D430,interacts,T151,1
gpcr_D113,interacts,T18,1
gpcr_D59,interacts,T18,1
e_D65,interacts,T604,1
ic_D90,interacts,T151,1
e_D179,interacts,T610,1
e_D262,interacts,T174,1
gpcr_D59,interacts,T24,1
ic_D203,interacts,T189,1
e_D301,interacts,T18,1
e_D432,interacts,T410,1
gpcr_D67,interacts,T12,1
e_D392,interacts,T501,1
nr_D6,interacts,T19,1
ic_D14,interacts,T75,1
ic_D108,interacts,T14,1
ic_D64,interacts,T29,1
e_D431,interacts,T410,1
e_D16,interacts,T50,1
gpcr_D174,interacts,T18,1
e_D370,interacts,T322,1
ic_D176,interacts,T201,1
e_D108,interacts,T98,1
e_D430,interacts,T490,1
e_D411,interacts,T83,1
e_D244,interacts,T396,1
e_D54,interacts,T133,1
ic_D94,interacts,T131,1
e_D164,interacts,T146,1
ic_D121,interacts,T52,1
e_D397,interacts,T334,1
e_D149,interacts,T146,1
e_D368,interacts,T395,1
ic_D194,interacts,T171,1
e_D69,interacts,T647,1
gpcr_D21,interacts,T21,1
gpcr_D144,interacts,T45,1
e_D93,interacts,T605,1
ic_D176,interacts,T41,1
e_D165,interacts,T319,1
ic_D176,interacts,T143,1
ic_D176,interacts,T127,1
ic_D190,interacts,T111,1
e_D432,interacts,T149,1
gpcr_D48,interacts,T48,1
e_D187,interacts,T399,1
ic_D144,interacts,T193,1
ic_D28,interacts,T153,1
ic_D70,interacts,T160,1
ic_D38,interacts,T43,1
ic_D139,interacts,T153,1
ic_D168,interacts,T132,1
ic_D176,interacts,T177,1
e_D261,interacts,T583,1
e_D161,interacts,T519,1
ic_D28,interacts,T147,1
ic_D176,interacts,T95,1
e_D54,interacts,T34,1
gpcr_D222,interacts,T55,1
ic_D14,interacts,T93,1
e_D430,interacts,T186,1
e_D220,interacts,T107,1
e_D225,interacts,T334,1
ic_D54,interacts,T121,1
e_D54,interacts,T460,1
ic_D25,interacts,T112,1
ic_D176,interacts,T82,1
e_D305,interacts,T409,1
ic_D126,interacts,T109,1
ic_D55,interacts,T26,1
e_D38,interacts,T365,1
e_D372,interacts,T343,1
nr_D6,interacts,T18,1
e_D30,interacts,T519,1
e_D135,interacts,T91,1
e_D42,interacts,T212,1
e_D260,interacts,T87,1
e_D99,interacts,T409,1
e_D54,interacts,T626,1
ic_D66,interacts,T31,1
e_D12,interacts,T597,1
ic_D189,interacts,T66,1
gpcr_D79,interacts,T21,1
e_D1,interacts,T279,1
e_D27,interacts,T213,1
e_D409,interacts,T115,1
e_D426,interacts,T26,1
e_D412,interacts,T90,1
e_D261,interacts,T644,1
e_D263,interacts,T519,1
e_D411,interacts,T252,1
e_D108,interacts,T101,1
e_D196,interacts,T85,1
ic_D176,interacts,T174,1
ic_D100,interacts,T197,1
e_D411,interacts,T224,1
ic_D174,interacts,T105,1
ic_D83,interacts,T75,1
ic_D88,interacts,T75,1
e_D8,interacts,T377,1
e_D276,interacts,T640,1
nr_D1,interacts,T17,1
ic_D3,interacts,T63,1
gpcr_D16,interacts,T23,1
e_D29,interacts,T71,1
e_D164,interacts,T93,1
ic_D26,interacts,T188,1
e_D164,interacts,T91,1
e_D50,interacts,T307,1
e_D111,interacts,T409,1
e_D243,interacts,T608,1
ic_D43,interacts,T26,1
e_D353,interacts,T401,1
e_D108,interacts,T94,1
ic_D101,interacts,T197,1
e_D29,interacts,T438,1
e_D101,interacts,T95,1
gpcr_D132,interacts,T16,1
e_D392,interacts,T497,1
ic_D160,interacts,T147,1
ic_D152,interacts,T146,1
ic_D26,interacts,T175,1
ic_D167,interacts,T8,1
gpcr_D53,interacts,T29,1
ic_D148,interacts,T146,1
e_D26,interacts,T168,1
ic_D65,interacts,T51,1
ic_D78,interacts,T12,1
gpcr_D22,interacts,T17,1
e_D262,interacts,T160,1
e_D317,interacts,T405,1
e_D430,interacts,T161,1
gpcr_D9,interacts,T19,1
gpcr_D144,interacts,T34,1
e_D85,interacts,T256,1
ic_D31,interacts,T163,1
e_D276,interacts,T393,1
gpcr_D173,interacts,T6,1
e_D254,interacts,T212,1
ic_D46,interacts,T188,1
ic_D144,interacts,T3,1
gpcr_D77,interacts,T19,1
ic_D81,interacts,T175,1
e_D105,interacts,T89,1
ic_D10,interacts,T127,1
ic_D176,interacts,T125,1
gpcr_D134,interacts,T23,1
e_D411,interacts,T87,1
e_D371,interacts,T640,1
e_D29,interacts,T386,1
ic_D14,interacts,T104,1
ic_D61,interacts,T177,1
e_D71,interacts,T399,1
gpcr_D115,interacts,T18,1
e_D260,interacts,T81,1
e_D2,interacts,T232,1
e_D29,interacts,T134,1
e_D131,interacts,T417,1
e_D42,interacts,T320,1
e_D370,interacts,T359,1
e_D260,interacts,T91,1
ic_D144,interacts,T181,1
ic_D94,interacts,T190,1
e_D50,interacts,T24,1
e_D99,interacts,T407,1
ic_D61,interacts,T175,1
e_D246,interacts,T618,1
e_D16,interacts,T427,1
ic_D121,interacts,T151,1
e_D2,interacts,T297,1
e_D353,interacts,T395,1
e_D273,interacts,T640,1
ic_D14,interacts,T25,1
ic_D195,interacts,T17,1
e_D434,interacts,T167,1
e_D142,interacts,T398,1
e_D108,interacts,T392,1
e_D6,interacts,T570,1
e_D102,interacts,T115,1
ic_D3,interacts,T18,1
e_D14,interacts,T15,1
e_D111,interacts,T233,1
e_D64,interacts,T32,1
ic_D81,interacts,T72,1
e_D416,interacts,T349,1
e_D218,interacts,T146,1
ic_D68,interacts,T37,1
nr_D35,interacts,T23,1
ic_D14,interacts,T137,1
e_D353,interacts,T408,1
e_D142,interacts,T241,1
e_D41,interacts,T97,1
e_D149,interacts,T550,1
ic_D68,interacts,T33,1
e_D276,interacts,T27,1
e_D273,interacts,T405,1
ic_D91,interacts,T129,1
e_D265,interacts,T520,1
gpcr_D143,interacts,T20,1
gpcr_D187,interacts,T49,1
e_D370,interacts,T284,1
e_D39,interacts,T211,1
e_D262,interacts,T587,1
e_D244,interacts,T376,1
e_D69,interacts,T102,1
gpcr_D76,interacts,T20,1
e_D172,interacts,T115,1
e_D149,interacts,T86,1
ic_D176,interacts,T43,1
ic_D64,interacts,T37,1
e_D273,interacts,T401,1
gpcr_D22,interacts,T48,1
e_D187,interacts,T233,1
e_D54,interacts,T135,1
ic_D78,interacts,T139,1
e_D233,interacts,T380,1
ic_D47,interacts,T191,1
e_D301,interacts,T159,1
gpcr_D215,interacts,T73,1
ic_D82,interacts,T177,1
e_D370,interacts,T358,1
ic_D121,interacts,T150,1
ic_D61,interacts,T188,1
e_D142,interacts,T633,1
ic_D149,interacts,T108,1
ic_D176,interacts,T186,1
e_D345,interacts,T325,1
gpcr_D199,interacts,T6,1
ic_D147,interacts,T155,1
nr_D6,interacts,T16,1
e_D101,interacts,T657,1
e_D260,interacts,T550,1
e_D311,interacts,T47,1
ic_D53,interacts,T14,1
nr_D45,interacts,T3,1
gpcr_D158,interacts,T21,1
e_D316,interacts,T582,1
ic_D64,interacts,T39,1
e_D369,interacts,T331,1
e_D294,interacts,T644,1
ic_D174,interacts,T73,1
e_D304,interacts,T640,1
gpcr_D59,interacts,T57,1
e_D131,interacts,T54,1
e_D142,interacts,T91,1
e_D262,interacts,T575,1
e_D233,interacts,T106,1
ic_D14,interacts,T108,1
e_D8,interacts,T378,1
ic_D47,interacts,T31,1
ic_D66,interacts,T27,1
e_D353,interacts,T376,1
gpcr_D67,interacts,T14,1
gpcr_D164,interacts,T16,1
e_D179,interacts,T39,1
e_D149,interacts,T104,1
ic_D20,interacts,T177,1
e_D108,interacts,T635,1
ic_D64,interacts,T28,1
e_D246,interacts,T654,1
ic_D115,interacts,T147,1
e_D158,interacts,T585,1
e_D246,interacts,T422,1
ic_D145,interacts,T146,1
ic_D20,interacts,T174,1
ic_D49,interacts,T151,1
e_D245,interacts,T589,1
e_D338,interacts,T604,1
ic_D119,interacts,T8,1
ic_D36,interacts,T163,1
e_D366,interacts,T502,1
e_D131,interacts,T433,1
ic_D27,interacts,T89,1
e_D378,interacts,T241,1
e_D305,interacts,T396,1
e_D372,interacts,T573,1
e_D339,interacts,T88,1
e_D50,interacts,T206,1
ic_D15,interacts,T159,1
e_D357,interacts,T532,1
gpcr_D43,interacts,T22,1
e_D140,interacts,T610,1
ic_D14,interacts,T182,1
e_D378,interacts,T319,1
e_D432,interacts,T331,1
ic_D72,interacts,T146,1
e_D184,interacts,T604,1
e_D29,interacts,T473,1
e_D301,interacts,T186,1
gpcr_D20,interacts,T5,1
ic_D176,interacts,T200,1
e_D114,interacts,T415,1
e_D90,interacts,T520,1
gpcr_D7,interacts,T63,1
e_D54,interacts,T38,1
e_D218,interacts,T92,1
ic_D111,interacts,T149,1
e_D111,interacts,T487,1
e_D105,interacts,T106,1
e_D370,interacts,T294,1
gpcr_D2,interacts,T25,1
ic_D164,interacts,T8,1
e_D1,interacts,T168,1
ic_D69,interacts,T38,1
gpcr_D67,interacts,T60,1
e_D270,interacts,T222,1
gpcr_D49,interacts,T54,1
e_D74,interacts,T90,1
e_D378,interacts,T94,1
e_D360,interacts,T173,1
e_D233,interacts,T86,1
e_D311,interacts,T583,1
e_D233,interacts,T89,1
e_D238,interacts,T409,1
e_D50,interacts,T78,1
ic_D61,interacts,T198,1
e_D325,interacts,T582,1
e_D93,interacts,T604,1
e_D75,interacts,T164,1
e_D99,interacts,T400,1
e_D29,interacts,T479,1
ic_D6,interacts,T29,1
e_D274,interacts,T405,1
e_D140,interacts,T612,1
ic_D176,interacts,T70,1
ic_D144,interacts,T180,1
e_D9,interacts,T262,1
e_D206,interacts,T89,1
e_D413,interacts,T91,1
ic_D14,interacts,T51,1
gpcr_D109,interacts,T18,1
e_D433,interacts,T634,1
ic_D176,interacts,T130,1
e_D274,interacts,T401,1
e_D117,interacts,T102,1
e_D246,interacts,T548,1
gpcr_D59,interacts,T56,1
ic_D174,interacts,T153,1
ic_D47,interacts,T35,1
ic_D20,interacts,T43,1
e_D14,interacts,T232,1
ic_D93,interacts,T177,1
e_D165,interacts,T122,1
e_D233,interacts,T91,1
e_D82,interacts,T348,1
gpcr_D22,interacts,T58,1
ic_D26,interacts,T181,1
e_D70,interacts,T404,1
e_D430,interacts,T160,1
e_D276,interacts,T398,1
e_D105,interacts,T91,1
e_D301,interacts,T522,1
e_D3,interacts,T234,1
e_D378,interacts,T124,1
ic_D91,interacts,T75,1
gpcr_D161,interacts,T19,1
e_D317,interacts,T396,1
e_D69,interacts,T103,1
e_D105,interacts,T88,1
gpcr_D143,interacts,T45,1
e_D262,interacts,T505,1
e_D54,interacts,T472,1
e_D427,interacts,T604,1
e_D28,interacts,T653,1
ic_D66,interacts,T33,1
e_D366,interacts,T499,1
e_D108,interacts,T93,1
ic_D47,interacts,T33,1
e_D142,interacts,T90,1
ic_D2,interacts,T162,1
gpcr_D206,interacts,T42,1
gpcr_D58,interacts,T20,1
ic_D14,interacts,T103,1
gpcr_D153,interacts,T47,1
e_D139,interacts,T612,1
e_D91,interacts,T552,1
ic_D20,interacts,T176,1
ic_D14,interacts,T167,1
e_D214,interacts,T347,1
ic_D115,interacts,T151,1
e_D16,interacts,T249,1
e_D306,interacts,T407,1
e_D355,interacts,T582,1
ic_D206,interacts,T10,1
ic_D205,interacts,T132,1
gpcr_D133,interacts,T23,1
e_D358,interacts,T408,1
ic_D92,interacts,T45,1
e_D16,interacts,T426,1
e_D392,interacts,T493,1
gpcr_D176,interacts,T22,1
e_D260,interacts,T89,1
e_D370,interacts,T303,1
e_D27,interacts,T289,1
e_D204,interacts,T520,1
ic_D38,interacts,T176,1
e_D69,interacts,T28,1
e_D358,interacts,T233,1
e_D6,interacts,T576,1
gpcr_D121,interacts,T52,1
ic_D205,interacts,T139,1
ic_D47,interacts,T9,1
e_D142,interacts,T146,1
ic_D115,interacts,T155,1
e_D29,interacts,T661,1
e_D85,interacts,T237,1
ic_D84,interacts,T173,1
e_D131,interacts,T388,1
nr_D41,interacts,T2,1
gpcr_D114,interacts,T16,1
e_D16,interacts,T258,1
e_D273,interacts,T398,1
ic_D191,interacts,T139,1
gpcr_D39,interacts,T48,1
e_D390,interacts,T558,1
e_D370,interacts,T18,1
e_D285,interacts,T502,1
e_D70,interacts,T405,1
e_D233,interacts,T647,1
ic_D168,interacts,T9,1
ic_D57,interacts,T49,1
e_D101,interacts,T83,1
ic_D14,interacts,T114,1
e_D117,interacts,T241,1
e_D244,interacts,T399,1
e_D111,interacts,T401,1
gpcr_D190,interacts,T26,1
e_D430,interacts,T410,1
ic_D176,interacts,T129,1
ic_D104,interacts,T26,1
e_D101,interacts,T110,1
e_D432,interacts,T160,1
ic_D143,interacts,T155,1
ic_D176,interacts,T106,1
e_D192,interacts,T119,1
ic_D161,interacts,T156,1
e_D75,interacts,T627,1
ic_D53,interacts,T191,1
e_D431,interacts,T534,1
ic_D58,interacts,T147,1
ic_D209,interacts,T26,1
e_D309,interacts,T118,1
ic_D14,interacts,T1,1
e_D41,interacts,T93,1
gpcr_D126,interacts,T25,1
nr_D33,interacts,T24,1
e_D34,interacts,T519,1
e_D378,interacts,T85,1
e_D69,interacts,T392,1
e_D116,interacts,T271,1
e_D301,interacts,T322,1
ic_D206,interacts,T8,1
gpcr_D49,interacts,T57,1
e_D76,interacts,T97,1
e_D372,interacts,T159,1
e_D69,interacts,T96,1
gpcr_D59,interacts,T50,1
e_D372,interacts,T200,1
ic_D143,interacts,T153,1
e_D108,interacts,T518,1
ic_D66,interacts,T35,1
ic_D192,interacts,T8,1
ic_D196,interacts,T150,1
gpcr_D80,interacts,T29,1
e_D39,interacts,T519,1
e_D8,interacts,T375,1
e_D420,interacts,T195,1
e_D258,interacts,T351,1
e_D362,interacts,T5,1
ic_D47,interacts,T34,1
gpcr_D169,interacts,T24,1
gpcr_D39,interacts,T49,1
ic_D89,interacts,T150,1
e_D16,interacts,T546,1
e_D105,interacts,T99,1
e_D233,interacts,T92,1
e_D395,interacts,T533,1
gpcr_D102,interacts,T38,1
gpcr_D173,interacts,T54,1
ic_D70,interacts,T148,1
e_D368,interacts,T404,1
ic_D100,interacts,T21,1
e_D50,interacts,T166,1
e_D280,interacts,T519,1
e_D339,interacts,T83,1
e_D111,interacts,T404,1
nr_D40,interacts,T9,1
ic_D194,interacts,T70,1
e_D427,interacts,T611,1
ic_D14,interacts,T80,1
ic_D49,interacts,T177,1
e_D50,interacts,T169,1
e_D164,interacts,T90,1
e_D188,interacts,T604,1
ic_D176,interacts,T116,1
ic_D20,interacts,T158,1
e_D378,interacts,T518,1
ic_D176,interacts,T198,1
ic_D72,interacts,T177,1
ic_D176,interacts,T101,1
e_D182,interacts,T611,1
e_D200,interacts,T334,1
e_D300,interacts,T520,1
e_D370,interacts,T185,1
e_D285,interacts,T498,1
e_D108,interacts,T85,1
e_D411,interacts,T98,1
e_D111,interacts,T198,1
e_D262,interacts,T216,1
ic_D206,interacts,T9,1
e_D24,interacts,T642,1
e_D142,interacts,T400,1
nr_D29,interacts,T9,1
e_D117,interacts,T252,1
e_D370,interacts,T360,1
e_D2,interacts,T282,1
ic_D13,interacts,T28,1
e_D131,interacts,T432,1
ic_D168,interacts,T27,1
ic_D38,interacts,T177,1
e_D117,interacts,T82,1
ic_D14,interacts,T87,1
e_D370,interacts,T161,1
ic_D13,interacts,T37,1
e_D364,interacts,T563,1
e_D276,interacts,T409,1
e_D262,interacts,T591,1
gpcr_D106,interacts,T63,1
e_D259,interacts,T519,1
e_D378,interacts,T321,1
e_D38,interacts,T168,1
e_D353,interacts,T641,1
e_D131,interacts,T630,1
ic_D60,interacts,T188,1
e_D411,interacts,T94,1
e_D164,interacts,T102,1
ic_D203,interacts,T188,1
e_D142,interacts,T100,1
ic_D176,interacts,T112,1
e_D262,interacts,T298,1
e_D158,interacts,T123,1
e_D431,interacts,T331,1
nr_D48,interacts,T7,1
ic_D206,interacts,T11,1
e_D378,interacts,T88,1
ic_D173,interacts,T201,1
e_D370,interacts,T522,1
e_D218,interacts,T550,1
e_D142,interacts,T89,1
ic_D72,interacts,T173,1
gpcr_D11,interacts,T76,1
ic_D159,interacts,T151,1
ic_D54,interacts,T120,1
gpcr_D181,interacts,T54,1
ic_D185,interacts,T171,1
e_D14,interacts,T378,1
e_D362,interacts,T7,1
e_D203,interacts,T325,1
ic_D44,interacts,T153,1
e_D173,interacts,T115,1
e_D42,interacts,T213,1
e_D432,interacts,T359,1
e_D142,interacts,T417,1
e_D138,interacts,T352,1
e_D142,interacts,T106,1
e_D101,interacts,T108,1
e_D432,interacts,T150,1
ic_D59,interacts,T189,1
gpcr_D170,interacts,T26,1
e_D378,interacts,T102,1
e_D41,interacts,T83,1
e_D246,interacts,T372,1
e_D108,interacts,T657,1
e_D50,interacts,T14,1
ic_D182,interacts,T59,1
e_D339,interacts,T224,1
e_D378,interacts,T110,1
ic_D49,interacts,T173,1
gpcr_D52,interacts,T23,1
e_D121,interacts,T519,1
e_D149,interacts,T518,1
gpcr_D67,interacts,T65,1
e_D1,interacts,T220,1
ic_D144,interacts,T175,1
e_D164,interacts,T657,1
e_D99,interacts,T233,1
e_D29,interacts,T310,1
e_D152,interacts,T391,1
e_D254,interacts,T213,1
gpcr_D178,interacts,T25,1
ic_D10,interacts,T161,1
gpcr_D54,interacts,T8,1
e_D369,interacts,T200,1
ic_D47,interacts,T32,1
e_D273,interacts,T399,1
e_D134,interacts,T211,1
e_D369,interacts,T534,1
ic_D38,interacts,T181,1
e_D69,interacts,T86,1
e_D174,interacts,T115,1
e_D412,interacts,T92,1
e_D301,interacts,T295,1
e_D339,interacts,T86,1
ic_D49,interacts,T190,1
gpcr_D32,interacts,T14,1
e_D179,interacts,T606,1
ic_D68,interacts,T39,1
e_D356,interacts,T519,1
e_D273,interacts,T396,1
e_D105,interacts,T102,1
e_D431,interacts,T294,1
e_D238,interacts,T408,1
e_D29,interacts,T190,1
ic_D158,interacts,T22,1
e_D353,interacts,T409,1
e_D431,interacts,T160,1
e_D181,interacts,T348,1
e_D29,interacts,T17,1
ic_D53,interacts,T9,1
e_D432,interacts,T358,1
ic_D14,interacts,T100,1
e_D140,interacts,T611,1
e_D114,interacts,T192,1
e_D370,interacts,T150,1
e_D405,interacts,T115,1
e_D70,interacts,T406,1
e_D362,interacts,T11,1
e_D142,interacts,T111,1
e_D16,interacts,T461,1
ic_D111,interacts,T157,1
ic_D158,interacts,T21,1
e_D262,interacts,T197,1
e_D56,interacts,T581,1
ic_D176,interacts,T80,1
e_D72,interacts,T97,1
ic_D107,interacts,T17,1
e_D54,interacts,T480,1
ic_D49,interacts,T158,1
e_D243,interacts,T605,1
e_D411,interacts,T89,1
e_D220,interacts,T86,1
e_D262,interacts,T242,1
ic_D91,interacts,T72,1
e_D233,interacts,T98,1
e_D54,interacts,T482,1
ic_D94,interacts,T189,1
gpcr_D161,interacts,T21,1
ic_D70,interacts,T151,1
ic_D176,interacts,T79,1
e_D131,interacts,T430,1
e_D233,interacts,T107,1
e_D378,interacts,T83,1
e_D28,interacts,T421,1
ic_D49,interacts,T131,1
ic_D82,interacts,T180,1
gpcr_D122,interacts,T32,1
ic_D176,interacts,T84,1
ic_D121,interacts,T134,1
ic_D110,interacts,T153,1
ic_D199,interacts,T66,1
ic_D10,interacts,T151,1
ic_D182,interacts,T58,1
ic_D14,interacts,T69,1
ic_D83,interacts,T171,1
gpcr_D116,interacts,T58,1
e_D431,interacts,T185,1
gpcr_D59,interacts,T19,1
e_D368,interacts,T406,1
e_D368,interacts,T641,1
e_D412,interacts,T83,1
nr_D5,interacts,T7,1
e_D28,interacts,T419,1
ic_D59,interacts,T148,1
e_D262,interacts,T646,1
e_D204,interacts,T519,1
e_D413,interacts,T96,1
ic_D55,interacts,T34,1
ic_D184,interacts,T189,1
e_D273,interacts,T376,1
ic_D176,interacts,T181,1
e_D285,interacts,T540,1
ic_D29,interacts,T147,1
e_D149,interacts,T95,1
ic_D38,interacts,T169,1
e_D41,interacts,T87,1
e_D273,interacts,T404,1
e_D23,interacts,T15,1
e_D260,interacts,T146,1
e_D391,interacts,T558,1
e_D134,interacts,T320,1
ic_D18,interacts,T26,1
ic_D10,interacts,T157,1
gpcr_D161,interacts,T18,1
e_D369,interacts,T412,1
gpcr_D98,interacts,T52,1
ic_D92,interacts,T89,1
ic_D114,interacts,T145,1
gpcr_D50,interacts,T4,1
ic_D198,interacts,T156,1
ic_D147,interacts,T95,1
gpcr_D57,interacts,T27,1
e_D16,interacts,T586,1
e_D370,interacts,T143,1
ic_D176,interacts,T94,1
ic_D176,interacts,T86,1
ic_D54,interacts,T146,1
e_D273,interacts,T407,1
ic_D68,interacts,T32,1
gpcr_D49,interacts,T52,1
ic_D191,interacts,T191,1
e_D368,interacts,T409,1
ic_D191,interacts,T12,1
ic_D205,interacts,T84,1
ic_D29,interacts,T149,1
e_D1,interacts,T328,1
e_D118,interacts,T45,1
ic_D161,interacts,T150,1
e_D105,interacts,T95,1
gpcr_D139,interacts,T74,1
e_D41,interacts,T84,1
e_D389,interacts,T325,1
e_D238,interacts,T393,1
gpcr_D113,interacts,T17,1
e_D353,interacts,T400,1
e_D65,interacts,T209,1
e_D29,interacts,T129,1
e_D142,interacts,T433,1
e_D431,interacts,T305,1
gpcr_D210,interacts,T19,1
ic_D59,interacts,T152,1
e_D40,interacts,T516,1
ic_D54,interacts,T122,1
e_D413,interacts,T84,1
e_D142,interacts,T27,1
e_D111,interacts,T239,1
e_D432,interacts,T186,1
e_D369,interacts,T539,1
e_D29,interacts,T135,1
e_D142,interacts,T381,1
ic_D198,interacts,T187,1
e_D99,interacts,T405,1
e_D70,interacts,T401,1
e_D154,interacts,T94,1
ic_D176,interacts,T185,1
e_D99,interacts,T406,1
e_D27,interacts,T212,1
e_D431,interacts,T161,1
e_D220,interacts,T550,1
e_D371,interacts,T404,1
ic_D91,interacts,T203,1
e_D36,interacts,T110,1
e_D149,interacts,T647,1
gpcr_D123,interacts,T71,1
e_D54,interacts,T193,1
e_D38,interacts,T338,1
e_D134,interacts,T520,1
e_D69,interacts,T104,1
ic_D54,interacts,T123,1
e_D149,interacts,T99,1
e_D27,interacts,T519,1
e_D363,interacts,T628,1
e_D101,interacts,T96,1
ic_D196,interacts,T155,1
e_D34,interacts,T212,1
e_D262,interacts,T412,1
ic_D70,interacts,T134,1
e_D360,interacts,T526,1
ic_D39,interacts,T174,1
e_D16,interacts,T127,1
e_D149,interacts,T81,1
ic_D114,interacts,T156,1
e_D29,interacts,T414,1
ic_D84,interacts,T170,1
e_D86,interacts,T89,1
gpcr_D161,interacts,T20,1
gpcr_D209,interacts,T30,1
e_D378,interacts,T221,1
e_D108,interacts,T28,1
e_D317,interacts,T400,1
e_D54,interacts,T661,1
ic_D115,interacts,T150,1
e_D69,interacts,T550,1
e_D160,interacts,T520,1
e_D220,interacts,T224,1
e_D29,interacts,T38,1
gpcr_D22,interacts,T81,1
e_D301,interacts,T305,1
e_D50,interacts,T541,1
gpcr_D86,interacts,T45,1
e_D370,interacts,T153,1
nr_D6,interacts,T20,1
e_D430,interacts,T210,1
gpcr_D48,interacts,T49,1
ic_D139,interacts,T151,1
e_D93,interacts,T209,1
e_D101,interacts,T98,1
e_D244,interacts,T27,1
ic_D121,interacts,T51,1
ic_D163,interacts,T157,1
ic_D18,interacts,T36,1
e_D371,interacts,T399,1
e_D285,interacts,T74,1
e_D41,interacts,T89,1
ic_D88,interacts,T69,1
ic_D143,interacts,T147,1
e_D16,interacts,T165,1
e_D129,interacts,T164,1
gpcr_D48,interacts,T54,1
e_D370,interacts,T141,1
e_D383,interacts,T520,1
gpcr_D193,interacts,T19,1
nr_D54,interacts,T8,1
e_D260,interacts,T82,1
gpcr_D148,interacts,T6,1
e_D249,interacts,T605,1
ic_D7,interacts,T144,1
ic_D147,interacts,T187,1
ic_D113,interacts,T150,1
e_D306,interacts,T404,1
e_D285,interacts,T499,1
e_D41,interacts,T101,1
e_D76,interacts,T93,1
ic_D109,interacts,T147,1
gpcr_D72,interacts,T20,1
e_D431,interacts,T187,1
nr_D3,interacts,T2,1
e_D233,interacts,T87,1
gpcr_D25,interacts,T64,1
e_D220,interacts,T84,1
ic_D176,interacts,T196,1
ic_D112,interacts,T149,1
e_D273,interacts,T400,1
e_D262,interacts,T210,1
e_D107,interacts,T600,1
e_D370,interacts,T154,1
e_D182,interacts,T606,1
ic_D29,interacts,T187,1
e_D111,interacts,T430,1
gpcr_D114,interacts,T20,1
e_D430,interacts,T152,1
gpcr_D54,interacts,T26,1
e_D207,interacts,T237,1
e_D8,interacts,T568,1
gpcr_D48,interacts,T47,1
gpcr_D21,interacts,T18,1
gpcr_D107,interacts,T64,1
ic_D72,interacts,T176,1
e_D12,interacts,T664,1
ic_D161,interacts,T151,1
ic_D71,interacts,T153,1
e_D369,interacts,T359,1
gpcr_D42,interacts,T16,1
e_D274,interacts,T396,1
e_D65,interacts,T39,1
ic_D62,interacts,T47,1
e_D367,interacts,T533,1
ic_D20,interacts,T17,1
e_D148,interacts,T609,1
ic_D6,interacts,T35,1
e_D164,interacts,T100,1
e_D274,interacts,T404,1
e_D244,interacts,T408,1
e_D366,interacts,T184,1
e_D271,interacts,T115,1
e_D81,interacts,T604,1
ic_D107,interacts,T31,1
ic_D82,interacts,T169,1
gpcr_D35,interacts,T7,1
e_D262,interacts,T147,1
ic_D111,interacts,T151,1
e_D381,interacts,T519,1
e_D339,interacts,T97,1
ic_D6,interacts,T39,1
e_D111,interacts,T428,1
ic_D20,interacts,T190,1
e_D139,interacts,T610,1
ic_D67,interacts,T36,1
e_D42,interacts,T520,1
e_D148,interacts,T607,1
e_D440,interacts,T342,1
ic_D84,interacts,T190,1
e_D296,interacts,T145,1
ic_D65,interacts,T47,1
e_D378,interacts,T91,1
e_D246,interacts,T266,1
ic_D16,interacts,T169,1
nr_D19,interacts,T14,1
e_D273,interacts,T409,1
ic_D176,interacts,T172,1
e_D41,interacts,T107,1
e_D193,interacts,T292,1
e_D432,interacts,T535,1
e_D262,interacts,T75,1
e_D164,interacts,T88,1
ic_D38,interacts,T68,1
e_D368,interacts,T405,1
e_D142,interacts,T399,1
e_D301,interacts,T614,1
ic_D17,interacts,T110,1
gpcr_D57,interacts,T25,1
ic_D64,interacts,T27,1
ic_D176,interacts,T158,1
e_D369,interacts,T148,1
e_D54,interacts,T474,1
e_D369,interacts,T410,1
e_D371,interacts,T400,1
e_D54,interacts,T483,1
e_D301,interacts,T591,1
ic_D121,interacts,T160,1
gpcr_D54,interacts,T81,1
e_D1,interacts,T120,1
e_D430,interacts,T331,1
e_D118,interacts,T320,1
e_D29,interacts,T636,1
ic_D189,interacts,T16,1
e_D46,interacts,T519,1
ic_D174,interacts,T187,1
e_D353,interacts,T398,1
ic_D8,interacts,T165,1
ic_D164,interacts,T7,1
e_D412,interacts,T82,1
gpcr_D138,interacts,T16,1
e_D276,interacts,T401,1
ic_D14,interacts,T92,1
ic_D49,interacts,T171,1
ic_D205,interacts,T10,1
gpcr_D22,interacts,T55,1
e_D64,interacts,T519,1
e_D111,interacts,T407,1
e_D369,interacts,T197,1
e_D369,interacts,T149,1
ic_D179,interacts,T146,1
e_D384,interacts,T520,1
e_D262,interacts,T186,1
e_D181,interacts,T604,1
nr_D42,interacts,T9,1
e_D65,interacts,T613,1
e_D431,interacts,T343,1
e_D1,interacts,T278,1
e_D312,interacts,T334,1
e_D153,interacts,T231,1
e_D142,interacts,T396,1
ic_D94,interacts,T118,1
ic_D15,interacts,T151,1
e_D229,interacts,T342,1
ic_D176,interacts,T69,1
gpcr_D59,interacts,T17,1
e_D54,interacts,T199,1
e_D339,interacts,T90,1
ic_D14,interacts,T194,1
gpcr_D22,interacts,T16,1
ic_D176,interacts,T188,1
e_D339,interacts,T89,1
gpcr_D134,interacts,T24,1
ic_D69,interacts,T30,1
e_D233,interacts,T85,1
gpcr_D49,interacts,T6,1
e_D142,interacts,T252,1
ic_D194,interacts,T78,1
e_D329,interacts,T166,1
e_D378,interacts,T82,1
ic_D60,interacts,T189,1
e_D17,interacts,T22,1
gpcr_D162,interacts,T22,1
e_D412,interacts,T85,1
e_D80,interacts,T97,1
e_D91,interacts,T551,1
e_D430,interacts,T360,1
ic_D176,interacts,T150,1
e_D142,interacts,T83,1
ic_D14,interacts,T46,1
e_D431,interacts,T75,1
ic_D88,interacts,T151,1
e_D220,interacts,T82,1
e_D41,interacts,T105,1
e_D430,interacts,T187,1
e_D431,interacts,T141,1
nr_D53,interacts,T3,1
e_D83,interacts,T93,1
e_D261,interacts,T580,1
e_D372,interacts,T75,1
ic_D47,interacts,T139,1
gpcr_D153,interacts,T48,1
e_D306,interacts,T405,1
gpcr_D100,interacts,T5,1
e_D432,interacts,T159,1
e_D105,interacts,T98,1
e_D69,interacts,T87,1
ic_D55,interacts,T29,1
e_D1,interacts,T330,1
ic_D208,interacts,T29,1
ic_D38,interacts,T190,1
e_D148,interacts,T209,1
e_D105,interacts,T87,1
e_D232,interacts,T115,1
ic_D89,interacts,T147,1
ic_D114,interacts,T155,1
ic_D206,interacts,T139,1
e_D107,interacts,T123,1
e_D285,interacts,T494,1
e_D411,interacts,T107,1
e_D29,interacts,T468,1
e_D111,interacts,T402,1
e_D244,interacts,T640,1
e_D301,interacts,T357,1
e_D372,interacts,T358,1
e_D51,interacts,T444,1
e_D23,interacts,T377,1
e_D69,interacts,T109,1
e_D369,interacts,T147,1
e_D431,interacts,T357,1
e_D417,interacts,T195,1
e_D79,interacts,T118,1
e_D244,interacts,T404,1
gpcr_D216,interacts,T30,1
ic_D13,interacts,T26,1
e_D148,interacts,T606,1
e_D339,interacts,T84,1
ic_D176,interacts,T76,1
e_D261,interacts,T47,1
ic_D193,interacts,T10,1
e_D238,interacts,T397,1
e_D368,interacts,T400,1
e_D70,interacts,T400,1
ic_D19,interacts,T28,1
ic_D89,interacts,T155,1
ic_D59,interacts,T154,1
ic_D84,interacts,T174,1
e_D220,interacts,T252,1
ic_D50,interacts,T66,1
nr_D8,interacts,T23,1
ic_D14,interacts,T76,1
gpcr_D162,interacts,T23,1
e_D353,interacts,T407,1
e_D378,interacts,T180,1
e_D407,interacts,T115,1
nr_D52,interacts,T2,1
e_D149,interacts,T83,1
e_D262,interacts,T148,1
e_D41,interacts,T100,1
e_D140,interacts,T606,1
ic_D180,interacts,T26,1
gpcr_D179,interacts,T22,1
ic_D61,interacts,T137,1
e_D317,interacts,T406,1
gpcr_D93,interacts,T23,1
e_D149,interacts,T108,1
e_D81,interacts,T607,1
e_D370,interacts,T155,1
ic_D112,interacts,T157,1
e_D220,interacts,T81,1
e_D149,interacts,T101,1
e_D41,interacts,T103,1
e_D92,interacts,T256,1
e_D117,interacts,T83,1
e_D432,interacts,T355,1
e_D142,interacts,T406,1
e_D305,interacts,T405,1
ic_D174,interacts,T72,1
e_D301,interacts,T196,1
e_D262,interacts,T648,1
e_D430,interacts,T150,1
e_D416,interacts,T235,1
e_D233,interacts,T518,1
gpcr_D186,interacts,T76,1
ic_D78,interacts,T10,1
ic_D84,interacts,T176,1
gpcr_D22,interacts,T28,1
e_D134,interacts,T309,1
ic_D121,interacts,T154,1
e_D378,interacts,T84,1
e_D262,interacts,T76,1
e_D262,interacts,T410,1
e_D243,interacts,T610,1
e_D108,interacts,T100,1
gpcr_D165,interacts,T86,1
e_D131,interacts,T393,1
e_D373,interacts,T87,1
e_D431,interacts,T539,1
ic_D2,interacts,T163,1
ic_D18,interacts,T39,1
ic_D26,interacts,T178,1
e_D339,interacts,T252,1
e_D378,interacts,T97,1
gpcr_D140,interacts,T18,1
e_D300,interacts,T519,1
e_D283,interacts,T424,1
e_D24,interacts,T208,1
e_D253,interacts,T519,1
ic_D81,interacts,T174,1
e_D244,interacts,T393,1
ic_D139,interacts,T150,1
e_D29,interacts,T240,1
ic_D126,interacts,T110,1
ic_D47,interacts,T29,1
e_D213,interacts,T26,1
e_D101,interacts,T28,1
ic_D185,interacts,T174,1
ic_D6,interacts,T33,1
ic_D176,interacts,T85,1
e_D142,interacts,T345,1
e_D246,interacts,T634,1
e_D108,interacts,T111,1
gpcr_D46,interacts,T85,1
e_D78,interacts,T97,1
gpcr_D37,interacts,T60,1
gpcr_D164,interacts,T20,1
ic_D45,interacts,T110,1
e_D71,interacts,T376,1
nr_D19,interacts,T15,1
nr_D10,interacts,T26,1
e_D149,interacts,T91,1
e_D114,interacts,T292,1
ic_D195,interacts,T61,1
e_D274,interacts,T406,1
ic_D121,interacts,T53,1
e_D108,interacts,T110,1
gpcr_D175,interacts,T52,1
e_D412,interacts,T95,1
e_D29,interacts,T132,1
e_D39,interacts,T213,1
e_D142,interacts,T402,1
e_D369,interacts,T150,1
e_D352,interacts,T324,1
e_D164,interacts,T94,1
e_D131,interacts,T406,1
ic_D93,interacts,T104,1
ic_D84,interacts,T67,1
e_D246,interacts,T370,1
e_D42,interacts,T215,1
e_D304,interacts,T233,1
gpcr_D58,interacts,T19,1
ic_D31,interacts,T164,1
e_D220,interacts,T88,1
e_D413,interacts,T224,1
e_D444,interacts,T325,1
ic_D112,interacts,T153,1
e_D156,interacts,T97,1
e_D31,interacts,T320,1
e_D262,interacts,T357,1
e_D352,interacts,T325,1
ic_D176,interacts,T157,1
e_D369,interacts,T161,1
e_D413,interacts,T89,1
e_D3,interacts,T268,1
e_D368,interacts,T398,1
ic_D111,interacts,T153,1
nr_D28,interacts,T11,1
e_D378,interacts,T103,1
gpcr_D8,interacts,T6,1
ic_D14,interacts,T74,1
e_D427,interacts,T39,1
ic_D61,interacts,T142,1
e_D218,interacts,T252,1
e_D222,interacts,T519,1
e_D139,interacts,T39,1
e_D142,interacts,T198,1
e_D218,interacts,T93,1
e_D69,interacts,T146,1
e_D140,interacts,T39,1
nr_D28,interacts,T7,1
e_D445,interacts,T118,1
e_D1,interacts,T313,1
e_D101,interacts,T252,1
ic_D91,interacts,T147,1
ic_D176,interacts,T133,1
nr_D6,interacts,T21,1
e_D200,interacts,T532,1
nr_D6,interacts,T14,1
e_D411,interacts,T90,1
e_D54,interacts,T459,1
e_D392,interacts,T540,1
e_D117,interacts,T99,1
ic_D84,interacts,T193,1
e_D238,interacts,T404,1
ic_D82,interacts,T130,1
ic_D144,interacts,T202,1
ic_D132,interacts,T14,1
e_D238,interacts,T406,1
ic_D166,interacts,T7,1
e_D260,interacts,T93,1
e_D159,interacts,T82,1
e_D117,interacts,T89,1
e_D384,interacts,T519,1
gpcr_D125,interacts,T4,1
ic_D72,interacts,T130,1
e_D66,interacts,T384,1
ic_D20,interacts,T131,1
e_D27,interacts,T215,1
e_D260,interacts,T90,1
e_D220,interacts,T96,1
ic_D96,interacts,T106,1
e_D41,interacts,T96,1
e_D285,interacts,T500,1
e_D274,interacts,T400,1
e_D279,interacts,T581,1
gpcr_D18,interacts,T23,1
gpcr_D52,interacts,T24,1
e_D301,interacts,T412,1
e_D353,interacts,T406,1
e_D233,interacts,T104,1
ic_D123,interacts,T110,1
e_D142,interacts,T640,1
e_D339,interacts,T93,1
ic_D207,interacts,T163,1
e_D2,interacts,T250,1
gpcr_D13,interacts,T15,1
ic_D147,interacts,T153,1
ic_D20,interacts,T200,1
gpcr_D200,interacts,T88,1
e_D183,interacts,T348,1
e_D362,interacts,T8,1
ic_D61,interacts,T189,1
e_D54,interacts,T17,1
gpcr_D161,interacts,T24,1
e_D189,interacts,T604,1
e_D262,interacts,T507,1
e_D108,interacts,T92,1
e_D164,interacts,T518,1
e_D233,interacts,T111,1
e_D366,interacts,T495,1
ic_D143,interacts,T156,1
e_D252,interacts,T593,1
ic_D74,interacts,T14,1
e_D31,interacts,T213,1
e_D294,interacts,T582,1
e_D308,interacts,T519,1
e_D144,interacts,T89,1
gpcr_D54,interacts,T7,1
e_D91,interacts,T663,1
ic_D160,interacts,T151,1
ic_D86,interacts,T22,1
ic_D164,interacts,T12,1
gpcr_D158,interacts,T19,1
ic_D89,interacts,T151,1
ic_D49,interacts,T179,1
e_D167,interacts,T598,1
e_D142,interacts,T104,1
ic_D18,interacts,T28,1
ic_D78,interacts,T9,1
e_D270,interacts,T645,1
e_D180,interacts,T302,1
e_D411,interacts,T93,1
e_D16,interacts,T162,1
gpcr_D120,interacts,T33,1
e_D32,interacts,T289,1
e_D187,interacts,T395,1
e_D305,interacts,T397,1
e_D149,interacts,T98,1
e_D372,interacts,T295,1
e_D5,interacts,T437,1
e_D166,interacts,T574,1
e_D101,interacts,T85,1
ic_D84,interacts,T144,1
e_D262,interacts,T296,1
e_D317,interacts,T376,1
e_D274,interacts,T398,1
e_D291,interacts,T324,1
e_D371,interacts,T408,1
e_D41,interacts,T94,1
ic_D14,interacts,T44,1
e_D238,interacts,T405,1
e_D99,interacts,T408,1
e_D371,interacts,T401,1
gpcr_D156,interacts,T24,1
e_D64,interacts,T81,1
ic_D61,interacts,T111,1
ic_D176,interacts,T91,1
e_D38,interacts,T175,1
e_D305,interacts,T401,1
ic_D20,interacts,T180,1
gpcr_D78,interacts,T17,1
e_D274,interacts,T27,1
e_D273,interacts,T408,1
ic_D14,interacts,T102,1
e_D240,interacts,T93,1
ic_D61,interacts,T169,1
e_D342,interacts,T334,1
e_D104,interacts,T256,1
e_D274,interacts,T409,1
e_D41,interacts,T111,1
ic_D189,interacts,T14,1
e_D442,interacts,T348,1
e_D430,interacts,T577,1
ic_D115,interacts,T153,1
e_D142,interacts,T87,1
e_D370,interacts,T356,1
e_D317,interacts,T641,1
e_D412,interacts,T89,1
e_D317,interacts,T397,1
e_D304,interacts,T393,1
ic_D72,interacts,T174,1
e_D11,interacts,T567,1
ic_D168,interacts,T7,1
e_D256,interacts,T519,1
e_D220,interacts,T87,1
e_D65,interacts,T605,1
ic_D108,interacts,T50,1
ic_D168,interacts,T191,1
e_D413,interacts,T550,1
e_D372,interacts,T160,1
gpcr_D49,interacts,T18,1
gpcr_D79,interacts,T18,1
e_D418,interacts,T195,1
e_D243,interacts,T609,1
e_D360,interacts,T492,1
e_D370,interacts,T210,1
e_D413,interacts,T94,1
e_D134,interacts,T215,1
e_D370,interacts,T295,1
ic_D205,interacts,T12,1
ic_D50,interacts,T50,1
ic_D112,interacts,T151,1
gpcr_D42,interacts,T52,1
e_D97,interacts,T97,1
ic_D186,interacts,T112,1
gpcr_D188,interacts,T12,1
e_D233,interacts,T105,1
ic_D91,interacts,T149,1
gpcr_D104,interacts,T26,1
e_D133,interacts,T325,1
e_D70,interacts,T376,1
e_D378,interacts,T92,1
e_D149,interacts,T391,1
e_D431,interacts,T18,1
gpcr_D118,interacts,T4,1
e_D358,interacts,T399,1
e_D223,interacts,T520,1
ic_D107,interacts,T27,1
e_D252,interacts,T449,1
e_D29,interacts,T619,1
e_D148,interacts,T608,1
e_D372,interacts,T157,1
ic_D47,interacts,T27,1
e_D33,interacts,T581,1
e_D372,interacts,T412,1
e_D142,interacts,T397,1
e_D7,interacts,T128,1
e_D358,interacts,T396,1
e_D429,interacts,T581,1
ic_D18,interacts,T30,1
e_D436,interacts,T325,1
gpcr_D71,interacts,T26,1
gpcr_D98,interacts,T53,1
ic_D20,interacts,T179,1
ic_D59,interacts,T158,1
ic_D78,interacts,T11,1
gpcr_D9,interacts,T26,1
e_D262,interacts,T534,1
nr_D28,interacts,T9,1
e_D262,interacts,T263,1
e_D158,interacts,T622,1
e_D15,interacts,T378,1
gpcr_D22,interacts,T57,1
ic_D158,interacts,T48,1
e_D34,interacts,T309,1
e_D67,interacts,T237,1
e_D369,interacts,T196,1
nr_D13,interacts,T23,1
e_D368,interacts,T397,1
e_D111,interacts,T411,1
e_D435,interacts,T583,1
e_D117,interacts,T95,1
e_D353,interacts,T405,1
gpcr_D23,interacts,T46,1
e_D165,interacts,T247,1
e_D244,interacts,T405,1
ic_D109,interacts,T151,1
e_D230,interacts,T580,1
e_D110,interacts,T89,1
e_D44,interacts,T118,1
e_D16,interacts,T446,1
e_D39,interacts,T520,1
e_D233,interacts,T109,1
e_D131,interacts,T434,1
e_D50,interacts,T249,1
e_D118,interacts,T214,1
e_D317,interacts,T409,1
ic_D49,interacts,T146,1
e_D105,interacts,T104,1
gpcr_D66,interacts,T4,1
ic_D180,interacts,T29,1
e_D413,interacts,T97,1
e_D344,interacts,T324,1
e_D368,interacts,T399,1
e_D117,interacts,T84,1
ic_D67,interacts,T38,1
e_D369,interacts,T152,1
e_D187,interacts,T406,1
ic_D93,interacts,T184,1
ic_D53,interacts,T10,1
ic_D177,interacts,T165,1
ic_D69,interacts,T32,1
e_D224,interacts,T520,1
e_D149,interacts,T100,1
gpcr_D112,interacts,T23,1
e_D334,interacts,T58,1
ic_D62,interacts,T51,1
ic_D138,interacts,T110,1
e_D392,interacts,T495,1
e_D16,interacts,T49,1
e_D432,interacts,T412,1
e_D371,interacts,T376,1
e_D304,interacts,T397,1
e_D6,interacts,T21,1
e_D9,interacts,T265,1
e_D108,interacts,T87,1
e_D50,interacts,T37,1
ic_D208,interacts,T28,1
e_D107,interacts,T201,1
gpcr_D8,interacts,T8,1
ic_D91,interacts,T153,1
ic_D159,interacts,T149,1
e_D324,interacts,T226,1
e_D353,interacts,T397,1
ic_D47,interacts,T38,1
ic_D66,interacts,T135,1
e_D273,interacts,T27,1
e_D16,interacts,T257,1
ic_D44,interacts,T155,1
e_D372,interacts,T534,1
ic_D28,interacts,T155,1
e_D117,interacts,T97,1
e_D16,interacts,T288,1
ic_D147,interacts,T84,1
e_D313,interacts,T458,1
ic_D176,interacts,T81,1
e_D238,interacts,T400,1
e_D164,interacts,T87,1
ic_D13,interacts,T29,1
ic_D170,interacts,T163,1
ic_D3,interacts,T61,1
e_D149,interacts,T89,1
e_D432,interacts,T210,1
e_D413,interacts,T100,1
ic_D14,interacts,T70,1
e_D412,interacts,T94,1
gpcr_D98,interacts,T47,1
e_D54,interacts,T471,1
e_D306,interacts,T233,1
ic_D38,interacts,T145,1
e_D117,interacts,T224,1
e_D372,interacts,T151,1
ic_D37,interacts,T90,1
ic_D176,interacts,T199,1
e_D191,interacts,T532,1
ic_D14,interacts,T53,1
ic_D176,interacts,T78,1
e_D223,interacts,T519,1
e_D155,interacts,T379,1
ic_D20,interacts,T172,1
e_D372,interacts,T322,1
ic_D14,interacts,T116,1
e_D359,interacts,T582,1
nr_D19,interacts,T16,1
e_D41,interacts,T99,1
gpcr_D98,interacts,T56,1
e_D369,interacts,T522,1
ic_D61,interacts,T170,1
ic_D69,interacts,T35,1
gpcr_D180,interacts,T18,1
ic_D78,interacts,T8,1
e_D220,interacts,T97,1
e_D220,interacts,T146,1
e_D131,interacts,T489,1
e_D368,interacts,T376,1
e_D432,interacts,T196,1
ic_D143,interacts,T149,1
e_D218,interacts,T91,1
e_D154,interacts,T231,1
ic_D168,interacts,T8,1
e_D415,interacts,T145,1
gpcr_D49,interacts,T27,1
e_D366,interacts,T498,1
e_D150,interacts,T391,1
ic_D174,interacts,T155,1
ic_D14,interacts,T101,1
e_D54,interacts,T71,1
ic_D10,interacts,T134,1
e_D1,interacts,T41,1
e_D117,interacts,T550,1
e_D252,interacts,T456,1
e_D54,interacts,T467,1
e_D167,interacts,T579,1
e_D99,interacts,T404,1
gpcr_D58,interacts,T18,1
ic_D167,interacts,T11,1
gpcr_D67,interacts,T83,1
ic_D112,interacts,T156,1
nr_D47,interacts,T2,1
ic_D171,interacts,T26,1
e_D355,interacts,T581,1
e_D412,interacts,T87,1
nr_D4,interacts,T9,1
e_D142,interacts,T102,1
e_D142,interacts,T54,1
ic_D89,interacts,T149,1
gpcr_D3,interacts,T80,1
ic_D176,interacts,T161,1
e_D28,interacts,T470,1
e_D218,interacts,T98,1
nr_D32,interacts,T11,1
ic_D14,interacts,T98,1
e_D358,interacts,T407,1
e_D149,interacts,T635,1
ic_D64,interacts,T35,1
e_D246,interacts,T425,1
e_D432,interacts,T148,1
ic_D14,interacts,T20,1
e_D432,interacts,T153,1
e_D369,interacts,T159,1
e_D301,interacts,T573,1
gpcr_D49,interacts,T5,1
e_D142,interacts,T428,1
e_D218,interacts,T85,1
e_D35,interacts,T519,1
ic_D148,interacts,T4,1
e_D369,interacts,T185,1
e_D372,interacts,T150,1
e_D370,interacts,T412,1
e_D165,interacts,T246,1
e_D412,interacts,T86,1
e_D29,interacts,T459,1
ic_D173,interacts,T71,1
e_D2,interacts,T325,1
e_D70,interacts,T641,1
e_D158,interacts,T600,1
ic_D15,interacts,T161,1
ic_D176,interacts,T126,1
ic_D14,interacts,T42,1
e_D178,interacts,T607,1
ic_D144,interacts,T171,1
e_D391,interacts,T628,1
e_D54,interacts,T63,1
e_D33,interacts,T582,1
ic_D54,interacts,T145,1
e_D142,interacts,T281,1
e_D31,interacts,T214,1
e_D39,interacts,T215,1
e_D372,interacts,T357,1
e_D285,interacts,T184,1
e_D50,interacts,T306,1
gpcr_D184,interacts,T29,1
gpcr_D102,interacts,T42,1
e_D369,interacts,T284,1
e_D433,interacts,T315,1
ic_D108,interacts,T7,1
ic_D14,interacts,T126,1
e_D301,interacts,T410,1
ic_D113,interacts,T155,1
e_D233,interacts,T321,1
ic_D85,interacts,T196,1
e_D187,interacts,T404,1
e_D101,interacts,T102,1
ic_D38,interacts,T3,1
e_D412,interacts,T106,1
e_D29,interacts,T133,1
e_D117,interacts,T96,1
e_D164,interacts,T550,1
ic_D82,interacts,T173,1
ic_D176,interacts,T184,1
e_D262,interacts,T652,1
e_D54,interacts,T479,1
ic_D70,interacts,T159,1
e_D419,interacts,T195,1
e_D262,interacts,T536,1
e_D127,interacts,T334,1
e_D262,interacts,T305,1
ic_D86,interacts,T21,1
ic_D93,interacts,T203,1
e_D93,interacts,T606,1
e_D378,interacts,T101,1
ic_D61,interacts,T133,1
e_D41,interacts,T106,1
e_D262,interacts,T152,1
e_D372,interacts,T305,1
e_D432,interacts,T614,1
e_D353,interacts,T404,1
e_D53,interacts,T581,1
e_D262,interacts,T187,1
e_D413,interacts,T98,1
e_D431,interacts,T535,1
e_D374,interacts,T218,1
ic_D38,interacts,T133,1
ic_D101,interacts,T21,1
ic_D176,interacts,T203,1
ic_D41,interacts,T66,1
gpcr_D53,interacts,T45,1
e_D431,interacts,T573,1
ic_D134,interacts,T26,1
ic_D18,interacts,T29,1
ic_D14,interacts,T97,1
gpcr_D218,interacts,T82,1
e_D378,interacts,T81,1
nr_D36,interacts,T11,1
e_D54,interacts,T137,1
gpcr_D49,interacts,T20,1
e_D329,interacts,T615,1
e_D182,interacts,T209,1
e_D23,interacts,T531,1
gpcr_D22,interacts,T54,1
e_D149,interacts,T87,1
ic_D191,interacts,T11,1
e_D218,interacts,T107,1
ic_D128,interacts,T110,1
e_D333,interacts,T520,1
e_D15,interacts,T377,1
gpcr_D90,interacts,T49,1
gpcr_D151,interacts,T79,1
e_D290,interacts,T581,1
e_D372,interacts,T539,1
e_D304,interacts,T399,1
e_D432,interacts,T577,1
gpcr_D180,interacts,T45,1
gpcr_D59,interacts,T23,1
e_D1,interacts,T1,1
e_D180,interacts,T609,1
ic_D4,interacts,T11,1
e_D369,interacts,T303,1
gpcr_D203,interacts,T24,1
e_D50,interacts,T486,1
ic_D14,interacts,T41,1
e_D372,interacts,T356,1
e_D262,interacts,T504,1
e_D413,interacts,T106,1
gpcr_D114,interacts,T21,1
e_D108,interacts,T109,1
e_D234,interacts,T325,1
gpcr_D59,interacts,T16,1
e_D262,interacts,T343,1
ic_D59,interacts,T127,1
ic_D194,interacts,T71,1
e_D371,interacts,T397,1
ic_D107,interacts,T26,1
e_D432,interacts,T340,1
nr_D44,interacts,T18,1
e_D372,interacts,T152,1
gpcr_D74,interacts,T23,1
ic_D115,interacts,T157,1
e_D69,interacts,T657,1
e_D148,interacts,T604,1
e_D149,interacts,T657,1
e_D412,interacts,T84,1
ic_D20,interacts,T170,1
ic_D80,interacts,T174,1
e_D101,interacts,T90,1
gpcr_D132,interacts,T17,1
ic_D14,interacts,T89,1
gpcr_D185,interacts,T80,1
e_D216,interacts,T520,1
ic_D84,interacts,T3,1
ic_D118,interacts,T8,1
e_D372,interacts,T156,1
e_D111,interacts,T415,1
e_D246,interacts,T269,1
gpcr_D19,interacts,T52,1
gpcr_D98,interacts,T90,1
e_D220,interacts,T89,1
e_D369,interacts,T156,1
e_D101,interacts,T518,1
gpcr_D53,interacts,T27,1
e_D393,interacts,T533,1
e_D285,interacts,T493,1
e_D142,interacts,T392,1
ic_D68,interacts,T135,1
ic_D142,interacts,T144,1
e_D149,interacts,T97,1
e_D301,interacts,T340,1
e_D28,interacts,T439,1
e_D227,interacts,T334,1
e_D71,interacts,T395,1
e_D202,interacts,T519,1
ic_D20,interacts,T152,1
nr_D26,interacts,T12,1
e_D264,interacts,T519,1
e_D16,interacts,T387,1
e_D26,interacts,T643,1
ic_D139,interacts,T157,1
gpcr_D49,interacts,T4,1
e_D412,interacts,T91,1
e_D372,interacts,T577,1
e_D430,interacts,T355,1
e_D306,interacts,T398,1
e_D93,interacts,T610,1
e_D274,interacts,T408,1
gpcr_D189,interacts,T18,1
gpcr_D107,interacts,T63,1
e_D41,interacts,T380,1
ic_D15,interacts,T153,1
e_D101,interacts,T380,1
ic_D53,interacts,T8,1
e_D131,interacts,T383,1
e_D329,interacts,T508,1
gpcr_D59,interacts,T49,1
e_D281,interacts,T519,1
e_D430,interacts,T188,1
ic_D72,interacts,T133,1
e_D165,interacts,T243,1
ic_D66,interacts,T29,1
ic_D166,interacts,T9,1
e_D93,interacts,T612,1
e_D262,interacts,T299,1
e_D378,interacts,T87,1
gpcr_D174,interacts,T17,1
ic_D144,interacts,T128,1
e_D368,interacts,T27,1
gpcr_D84,interacts,T22,1
gpcr_D67,interacts,T13,1
ic_D20,interacts,T160,1
ic_D182,interacts,T57,1
e_D164,interacts,T109,1
ic_D35,interacts,T190,1
e_D244,interacts,T397,1
gpcr_D71,interacts,T62,1
gpcr_D21,interacts,T19,1
e_D8,interacts,T272,1
gpcr_D173,interacts,T28,1
ic_D49,interacts,T148,1
ic_D54,interacts,T23,1
e_D108,interacts,T224,1
e_D154,interacts,T391,1
gpcr_D65,interacts,T90,1
ic_D135,interacts,T171,1
nr_D44,interacts,T20,1
e_D433,interacts,T314,1
ic_D137,interacts,T17,1
ic_D91,interacts,T155,1
gpcr_D206,interacts,T38,1
e_D142,interacts,T557,1
e_D50,interacts,T510,1
ic_D59,interacts,T134,1
ic_D95,interacts,T106,1
e_D438,interacts,T334,1
e_D187,interacts,T400,1
e_D246,interacts,T441,1
e_D131,interacts,T395,1
e_D165,interacts,T221,1
ic_D144,interacts,T174,1
e_D12,interacts,T2,1
e_D370,interacts,T196,1
ic_D90,interacts,T187,1
ic_D49,interacts,T68,1
ic_D51,interacts,T106,1
ic_D59,interacts,T150,1
e_D54,interacts,T130,1
ic_D167,interacts,T9,1
e_D276,interacts,T376,1
ic_D152,interacts,T111,1
gpcr_D206,interacts,T44,1
gpcr_D108,interacts,T64,1
e_D233,interacts,T392,1
gpcr_D208,interacts,T21,1
e_D111,interacts,T54,1
e_D65,interacts,T607,1
e_D16,interacts,T485,1
e_D182,interacts,T613,1
ic_D39,interacts,T181,1
e_D358,interacts,T640,1
e_D142,interacts,T487,1
ic_D108,interacts,T132,1
e_D262,interacts,T295,1
ic_D127,interacts,T110,1
e_D69,interacts,T518,1
ic_D63,interacts,T26,1
e_D301,interacts,T534,1
e_D120,interacts,T191,1
ic_D168,interacts,T31,1
e_D69,interacts,T101,1
e_D432,interacts,T187,1
e_D262,interacts,T572,1
gpcr_D49,interacts,T7,1
ic_D121,interacts,T55,1
ic_D61,interacts,T193,1
e_D243,interacts,T39,1
e_D91,interacts,T379,1
ic_D193,interacts,T11,1
e_D131,interacts,T198,1
ic_D88,interacts,T149,1
gpcr_D179,interacts,T24,1
e_D252,interacts,T448,1
ic_D141,interacts,T106,1
gpcr_D131,interacts,T79,1
e_D16,interacts,T656,1
e_D410,interacts,T115,1
ic_D144,interacts,T179,1
e_D142,interacts,T105,1
gpcr_D44,interacts,T24,1
ic_D88,interacts,T153,1
e_D38,interacts,T181,1
e_D117,interacts,T392,1
e_D413,interacts,T82,1
ic_D18,interacts,T135,1
gpcr_D221,interacts,T64,1
e_D431,interacts,T196,1
ic_D59,interacts,T159,1
e_D118,interacts,T215,1
ic_D61,interacts,T172,1
ic_D176,interacts,T24,1
e_D252,interacts,T617,1
ic_D176,interacts,T109,1
gpcr_D56,interacts,T90,1
gpcr_D102,interacts,T44,1
ic_D84,interacts,T130,1
gpcr_D96,interacts,T23,1
e_D131,interacts,T401,1
ic_D144,interacts,T43,1
e_D366,interacts,T540,1
e_D369,interacts,T187,1
ic_D178,interacts,T165,1
e_D131,interacts,T397,1
e_D432,interacts,T141,1
ic_D80,interacts,T71,1
gpcr_D134,interacts,T22,1
ic_D109,interacts,T153,1
ic_D20,interacts,T148,1
ic_D61,interacts,T26,1
e_D218,interacts,T81,1
e_D187,interacts,T397,1
e_D32,interacts,T519,1
e_D378,interacts,T89,1
e_D117,interacts,T380,1
gpcr_D91,interacts,T48,1
ic_D100,interacts,T50,1
e_D339,interacts,T94,1
e_D431,interacts,T577,1
e_D29,interacts,T626,1
ic_D20,interacts,T151,1
e_D262,interacts,T150,1
ic_D198,interacts,T151,1
gpcr_D18,interacts,T16,1
e_D117,interacts,T111,1
e_D372,interacts,T188,1
e_D34,interacts,T91,1
e_D99,interacts,T376,1
e_D432,interacts,T534,1
e_D276,interacts,T399,1
gpcr_D60,interacts,T19,1
e_D145,interacts,T125,1
ic_D191,interacts,T7,1
ic_D206,interacts,T201,1
ic_D88,interacts,T155,1
ic_D62,interacts,T69,1
e_D362,interacts,T639,1
gpcr_D59,interacts,T55,1
e_D276,interacts,T406,1
e_D78,interacts,T191,1
e_D378,interacts,T100,1
e_D360,interacts,T488,1
ic_D180,interacts,T28,1
e_D274,interacts,T640,1
e_D246,interacts,T369,1
ic_D14,interacts,T52,1
e_D31,interacts,T215,1
e_D111,interacts,T381,1
ic_D176,interacts,T72,1
e_D158,interacts,T319,1
e_D142,interacts,T415,1
e_D392,interacts,T499,1
e_D297,interacts,T558,1
e_D70,interacts,T393,1
e_D117,interacts,T90,1
e_D64,interacts,T123,1
e_D353,interacts,T27,1
e_D171,interacts,T115,1
ic_D176,interacts,T142,1
e_D1,interacts,T44,1
gpcr_D177,interacts,T23,1
ic_D72,interacts,T170,1
e_D214,interacts,T346,1
e_D149,interacts,T224,1
e_D262,interacts,T506,1
e_D105,interacts,T321,1
e_D362,interacts,T4,1
e_D131,interacts,T633,1
gpcr_D19,interacts,T19,1
gpcr_D22,interacts,T49,1
e_D301,interacts,T185,1
e_D164,interacts,T107,1
e_D262,interacts,T254,1
gpcr_D112,interacts,T16,1
e_D54,interacts,T475,1
e_D111,interacts,T557,1
ic_D139,interacts,T147,1
e_D106,interacts,T256,1
e_D262,interacts,T18,1
ic_D64,interacts,T38,1
gpcr_D79,interacts,T20,1
ic_D205,interacts,T7,1
ic_D106,interacts,T190,1
e_D111,interacts,T641,1
gpcr_D53,interacts,T25,1
e_D142,interacts,T107,1
gpcr_D52,interacts,T22,1
e_D69,interacts,T100,1
ic_D196,interacts,T156,1
ic_D68,interacts,T35,1
ic_D168,interacts,T28,1
ic_D72,interacts,T3,1
e_D365,interacts,T115,1
e_D260,interacts,T88,1
e_D78,interacts,T93,1
e_D70,interacts,T408,1
ic_D166,interacts,T11,1
gpcr_D77,interacts,T20,1
e_D41,interacts,T392,1
gpcr_D67,interacts,T66,1
gpcr_D122,interacts,T31,1
e_D54,interacts,T240,1
e_D276,interacts,T233,1
ic_D55,interacts,T30,1
e_D378,interacts,T28,1
e_D306,interacts,T393,1
e_D233,interacts,T90,1
e_D369,interacts,T573,1
e_D372,interacts,T196,1
e_D229,interacts,T273,1
e_D131,interacts,T64,1
ic_D115,interacts,T156,1
e_D69,interacts,T97,1
e_D25,interacts,T413,1
ic_D14,interacts,T83,1
ic_D162,interacts,T89,1
ic_D94,interacts,T168,1
e_D70,interacts,T640,1
e_D370,interacts,T534,1
ic_D69,interacts,T28,1
ic_D81,interacts,T172,1
e_D392,interacts,T184,1
ic_D20,interacts,T171,1
e_D427,interacts,T605,1
e_D351,interacts,T325,1
e_D416,interacts,T615,1
e_D435,interacts,T644,1
e_D50,interacts,T257,1
e_D111,interacts,T397,1
e_D273,interacts,T641,1
e_D50,interacts,T50,1
ic_D158,interacts,T66,1
ic_D204,interacts,T153,1
ic_D107,interacts,T18,1
e_D142,interacts,T321,1
e_D431,interacts,T159,1
e_D369,interacts,T356,1
ic_D66,interacts,T34,1
e_D179,interacts,T209,1
e_D340,interacts,T118,1
ic_D164,interacts,T132,1
e_D430,interacts,T155,1
gpcr_D195,interacts,T23,1
gpcr_D49,interacts,T28,1
ic_D195,interacts,T62,1
e_D149,interacts,T82,1
ic_D176,interacts,T97,1
ic_D165,interacts,T110,1
e_D198,interacts,T324,1
gpcr_D21,interacts,T20,1
e_D431,interacts,T150,1
ic_D81,interacts,T171,1
e_D218,interacts,T88,1
e_D111,interacts,T433,1
e_D366,interacts,T497,1
nr_D15,interacts,T7,1
ic_D108,interacts,T13,1
e_D164,interacts,T81,1
gpcr_D49,interacts,T22,1
e_D111,interacts,T64,1
gpcr_D98,interacts,T4,1
e_D71,interacts,T398,1
e_D29,interacts,T77,1
e_D246,interacts,T219,1
e_D301,interacts,T360,1
e_D117,interacts,T92,1
e_D89,interacts,T424,1
ic_D108,interacts,T8,1
e_D301,interacts,T75,1
e_D20,interacts,T283,1
gpcr_D138,interacts,T20,1
ic_D14,interacts,T115,1
ic_D166,interacts,T8,1
e_D80,interacts,T379,1
e_D111,interacts,T434,1
e_D203,interacts,T324,1
e_D69,interacts,T321,1
ic_D91,interacts,T105,1
ic_D157,interacts,T171,1
ic_D84,interacts,T198,1
ic_D47,interacts,T135,1
e_D431,interacts,T197,1
e_D400,interacts,T115,1
ic_D107,interacts,T65,1
e_D272,interacts,T195,1
e_D91,interacts,T382,1
gpcr_D62,interacts,T45,1
e_D91,interacts,T255,1
ic_D14,interacts,T136,1
ic_D14,interacts,T24,1
e_D368,interacts,T393,1
ic_D49,interacts,T127,1
e_D313,interacts,T68,1
nr_D27,interacts,T3,1
gpcr_D98,interacts,T50,1
ic_D38,interacts,T146,1
ic_D20,interacts,T202,1
e_D117,interacts,T109,1
e_D69,interacts,T252,1
ic_D38,interacts,T67,1
e_D275,interacts,T519,1
e_D304,interacts,T27,1
e_D366,interacts,T501,1
e_D274,interacts,T395,1
e_D246,interacts,T225,1
ic_D14,interacts,T113,1
ic_D189,interacts,T9,1
e_D313,interacts,T69,1
ic_D109,interacts,T157,1
ic_D18,interacts,T34,1
ic_D144,interacts,T169,1
nr_D34,interacts,T2,1
e_D110,interacts,T91,1
e_D75,interacts,T325,1
e_D339,interacts,T107,1
ic_D61,interacts,T179,1
e_D404,interacts,T115,1
ic_D100,interacts,T22,1
e_D238,interacts,T396,1
ic_D91,interacts,T150,1
e_D412,interacts,T550,1
ic_D72,interacts,T67,1
e_D142,interacts,T86,1
e_D262,interacts,T188,1
ic_D189,interacts,T8,1
e_D164,interacts,T241,1
gpcr_D83,interacts,T23,1
gpcr_D174,interacts,T19,1
ic_D176,interacts,T178,1
e_D262,interacts,T602,1
ic_D88,interacts,T156,1
e_D134,interacts,T212,1
gpcr_D153,interacts,T50,1
e_D175,interacts,T236,1
e_D63,interacts,T236,1
ic_D13,interacts,T36,1
e_D246,interacts,T371,1
ic_D174,interacts,T88,1
ic_D93,interacts,T194,1
ic_D38,interacts,T171,1
e_D399,interacts,T115,1
ic_D55,interacts,T37,1
e_D182,interacts,T609,1
e_D105,interacts,T82,1
ic_D21,interacts,T99,1
e_D380,interacts,T520,1
e_D111,interacts,T416,1
e_D142,interacts,T518,1
e_D131,interacts,T428,1
e_D179,interacts,T302,1
e_D69,interacts,T110,1
e_D142,interacts,T233,1
e_D142,interacts,T430,1
ic_D195,interacts,T95,1
ic_D72,interacts,T144,1
e_D359,interacts,T581,1
ic_D67,interacts,T34,1
e_D6,interacts,T176,1
ic_D61,interacts,T47,1
e_D285,interacts,T495,1
gpcr_D71,interacts,T29,1
nr_D16,interacts,T12,1
e_D142,interacts,T94,1
gpcr_D73,interacts,T60,1
gpcr_D116,interacts,T47,1
ic_D83,interacts,T95,1
e_D118,interacts,T213,1
e_D142,interacts,T96,1
e_D27,interacts,T337,1
ic_D193,interacts,T8,1
e_D307,interacts,T334,1
e_D358,interacts,T405,1
e_D430,interacts,T159,1
ic_D205,interacts,T191,1
e_D301,interacts,T577,1
e_D431,interacts,T359,1
e_D220,interacts,T91,1
ic_D20,interacts,T178,1
e_D29,interacts,T464,1
gpcr_D183,interacts,T22,1
e_D281,interacts,T520,1
gpcr_D87,interacts,T45,1
ic_D144,interacts,T133,1
e_D187,interacts,T640,1
e_D339,interacts,T95,1
e_D101,interacts,T87,1
e_D142,interacts,T408,1
gpcr_D11,interacts,T77,1
gpcr_D49,interacts,T16,1
e_D262,interacts,T200,1
gpcr_D24,interacts,T3,1
e_D139,interacts,T605,1
ic_D82,interacts,T174,1
e_D359,interacts,T47,1
e_D41,interacts,T88,1
e_D362,interacts,T12,1
e_D195,interacts,T576,1
e_D139,interacts,T604,1
e_D335,interacts,T418,1
ic_D82,interacts,T128,1
e_D262,interacts,T143,1
gpcr_D113,interacts,T16,1
ic_D158,interacts,T50,1
e_D432,interacts,T143,1
e_D378,interacts,T86,1
gpcr_D153,interacts,T53,1
gpcr_D204,interacts,T22,1
ic_D10,interacts,T159,1
e_D221,interacts,T447,1
e_D278,interacts,T520,1
e_D54,interacts,T477,1
e_D382,interacts,T519,1
e_D412,interacts,T98,1
nr_D36,interacts,T2,1
ic_D176,interacts,T71,1
e_D46,interacts,T520,1
e_D339,interacts,T100,1
e_D142,interacts,T432,1
ic_D193,interacts,T132,1
e_D334,interacts,T90,1
e_D262,interacts,T573,1
e_D140,interacts,T608,1
e_D372,interacts,T154,1
e_D1,interacts,T250,1
e_D306,interacts,T27,1
e_D246,interacts,T394,1
e_D427,interacts,T610,1
gpcr_D161,interacts,T17,1
gpcr_D12,interacts,T60,1
ic_D136,interacts,T90,1
e_D372,interacts,T186,1
e_D369,interacts,T75,1
e_D54,interacts,T651,1
e_D142,interacts,T82,1
e_D12,interacts,T333,1
e_D202,interacts,T520,1
ic_D205,interacts,T11,1
e_D38,interacts,T113,1
e_D372,interacts,T340,1
e_D55,interacts,T379,1
e_D29,interacts,T136,1
ic_D159,interacts,T153,1
e_D387,interacts,T164,1
e_D182,interacts,T604,1
e_D29,interacts,T474,1
e_D442,interacts,T97,1
e_D74,interacts,T97,1
ic_D121,interacts,T58,1
e_D358,interacts,T406,1
ic_D68,interacts,T49,1
e_D362,interacts,T332,1
e_D94,interacts,T256,1
nr_D30,interacts,T13,1
e_D362,interacts,T662,1
ic_D176,interacts,T117,1
gpcr_D148,interacts,T5,1
gpcr_D43,interacts,T23,1
ic_D10,interacts,T160,1
e_D105,interacts,T647,1
ic_D38,interacts,T170,1
ic_D2,interacts,T6,1
ic_D10,interacts,T152,1
ic_D79,interacts,T174,1
gpcr_D149,interacts,T78,1
ic_D193,interacts,T139,1
e_D99,interacts,T641,1
gpcr_D138,interacts,T17,1
ic_D83,interacts,T175,1
ic_D11,interacts,T89,1
e_D339,interacts,T87,1
e_D431,interacts,T210,1
e_D266,interacts,T115,1
e_D64,interacts,T319,1
e_D252,interacts,T453,1
e_D354,interacts,T93,1
ic_D108,interacts,T16,1
e_D368,interacts,T408,1
e_D107,interacts,T122,1
e_D69,interacts,T90,1
e_D69,interacts,T91,1
gpcr_D22,interacts,T18,1
ic_D66,interacts,T38,1
e_D370,interacts,T188,1
e_D351,interacts,T324,1
ic_D14,interacts,T78,1
ic_D196,interacts,T149,1
ic_D67,interacts,T32,1
ic_D184,interacts,T190,1
e_D224,interacts,T519,1
e_D274,interacts,T233,1
e_D93,interacts,T302,1
gpcr_D8,interacts,T5,1
gpcr_D102,interacts,T41,1
e_D50,interacts,T42,1
ic_D147,interacts,T157,1
e_D16,interacts,T205,1
ic_D105,interacts,T153,1
gpcr_D78,interacts,T21,1
e_D353,interacts,T396,1
ic_D15,interacts,T158,1
e_D243,interacts,T612,1
gpcr_D48,interacts,T57,1
e_D131,interacts,T27,1
e_D377,interacts,T271,1
ic_D195,interacts,T63,1
gpcr_D19,interacts,T29,1
ic_D13,interacts,T33,1
gpcr_D219,interacts,T48,1
e_D370,interacts,T357,1
ic_D174,interacts,T156,1
ic_D88,interacts,T147,1
e_D339,interacts,T146,1
ic_D176,interacts,T108,1
e_D379,interacts,T520,1
e_D304,interacts,T400,1
ic_D91,interacts,T88,1
e_D105,interacts,T252,1
e_D164,interacts,T252,1
ic_D166,interacts,T132,1
ic_D176,interacts,T152,1
e_D390,interacts,T628,1
ic_D161,interacts,T153,1
e_D193,interacts,T293,1
e_D158,interacts,T337,1
ic_D163,interacts,T153,1
e_D54,interacts,T386,1
e_D249,interacts,T604,1
e_D49,interacts,T520,1
e_D431,interacts,T148,1
e_D29,interacts,T471,1
ic_D163,interacts,T149,1
e_D16,interacts,T514,1
ic_D114,interacts,T187,1
e_D50,interacts,T656,1
e_D310,interacts,T582,1
e_D12,interacts,T329,1
e_D111,interacts,T264,1
e_D137,interacts,T352,1
ic_D44,interacts,T156,1
gpcr_D198,interacts,T46,1
ic_D91,interacts,T73,1
gpcr_D161,interacts,T23,1
e_D411,interacts,T88,1
e_D431,interacts,T157,1
e_D111,interacts,T400,1
e_D10,interacts,T253,1
e_D358,interacts,T401,1
ic_D160,interacts,T155,1
ic_D33,interacts,T90,1
nr_D19,interacts,T21,1
gpcr_D48,interacts,T53,1
e_D362,interacts,T10,1
gpcr_D80,interacts,T25,1
ic_D143,interacts,T151,1
ic_D61,interacts,T190,1
ic_D10,interacts,T154,1
e_D339,interacts,T92,1
e_D54,interacts,T131,1
e_D50,interacts,T389,1
ic_D176,interacts,T136,1
ic_D7,interacts,T145,1
e_D15,interacts,T569,1
e_D413,interacts,T83,1
gpcr_D59,interacts,T22,1
ic_D30,interacts,T73,1
gpcr_D121,interacts,T47,1
ic_D26,interacts,T174,1
e_D287,interacts,T167,1
e_D218,interacts,T83,1
gpcr_D171,interacts,T23,1
gpcr_D14,interacts,T6,1
e_D432,interacts,T154,1
ic_D181,interacts,T89,1
e_D238,interacts,T401,1
ic_D34,interacts,T167,1
e_D260,interacts,T92,1
ic_D176,interacts,T190,1
ic_D53,interacts,T132,1
ic_D49,interacts,T145,1
e_D262,interacts,T300,1
e_D369,interacts,T305,1
e_D285,interacts,T497,1
e_D101,interacts,T92,1
e_D371,interacts,T405,1
gpcr_D18,interacts,T20,1
e_D65,interacts,T302,1
e_D56,interacts,T582,1
ic_D84,interacts,T188,1
ic_D107,interacts,T64,1
e_D23,interacts,T529,1
gpcr_D98,interacts,T48,1
ic_D184,interacts,T188,1
e_D378,interacts,T107,1
gpcr_D173,interacts,T7,1
ic_D49,interacts,T157,1
e_D359,interacts,T583,1
e_D317,interacts,T398,1
e_D117,interacts,T86,1
e_D213,interacts,T346,1
ic_D19,interacts,T31,1
e_D416,interacts,T72,1
gpcr_D54,interacts,T3,1
e_D105,interacts,T84,1
e_D366,interacts,T493,1
e_D372,interacts,T143,1
e_D430,interacts,T305,1
ic_D70,interacts,T150,1
e_D149,interacts,T380,1
e_D67,interacts,T256,1
ic_D81,interacts,T169,1
e_D430,interacts,T295,1
gpcr_D41,interacts,T46,1
ic_D68,interacts,T29,1
e_D233,interacts,T102,1
ic_D91,interacts,T185,1
e_D348,interacts,T324,1
e_D379,interacts,T519,1
ic_D84,interacts,T181,1
e_D304,interacts,T409,1
e_D105,interacts,T110,1
ic_D201,interacts,T26,1
ic_D49,interacts,T67,1
e_D54,interacts,T77,1
e_D16,interacts,T274,1
ic_D82,interacts,T68,1
e_D430,interacts,T356,1
e_D108,interacts,T146,1
e_D187,interacts,T408,1
e_D184,interacts,T348,1
e_D330,interacts,T520,1
e_D237,interacts,T519,1
e_D246,interacts,T58,1
e_D262,interacts,T322,1
ic_D189,interacts,T191,1
e_D50,interacts,T512,1
e_D368,interacts,T396,1
e_D111,interacts,T640,1
nr_D38,interacts,T11,1
ic_D107,interacts,T62,1
e_D180,interacts,T605,1
e_D433,interacts,T20,1
ic_D158,interacts,T47,1
e_D323,interacts,T330,1
e_D131,interacts,T398,1
e_D54,interacts,T619,1
ic_D14,interacts,T201,1
e_D142,interacts,T95,1
e_D289,interacts,T519,1
ic_D101,interacts,T66,1
e_D100,interacts,T584,1
e_D370,interacts,T614,1
e_D91,interacts,T529,1
e_D370,interacts,T159,1
e_D290,interacts,T582,1
e_D433,interacts,T618,1
e_D441,interacts,T90,1
ic_D12,interacts,T50,1
e_D422,interacts,T532,1
gpcr_D199,interacts,T45,1
ic_D176,interacts,T193,1
nr_D53,interacts,T2,1
e_D274,interacts,T393,1
ic_D14,interacts,T45,1
e_D50,interacts,T353,1
e_D372,interacts,T522,1
ic_D67,interacts,T39,1
ic_D176,interacts,T20,1
e_D111,interacts,T281,1
e_D69,interacts,T111,1
e_D12,interacts,T641,1
ic_D176,interacts,T103,1
e_D301,interacts,T149,1
gpcr_D105,interacts,T26,1
ic_D70,interacts,T154,1
gpcr_D47,interacts,T30,1
e_D378,interacts,T95,1
e_D249,interacts,T607,1
e_D140,interacts,T302,1
e_D294,interacts,T580,1
e_D378,interacts,T96,1
ic_D49,interacts,T3,1
e_D29,interacts,T477,1
gpcr_D58,interacts,T21,1
ic_D15,interacts,T160,1
e_D142,interacts,T431,1
e_D262,interacts,T359,1
ic_D79,interacts,T172,1
e_D20,interacts,T335,1
ic_D14,interacts,T94,1
ic_D176,interacts,T110,1
ic_D10,interacts,T200,1
ic_D84,interacts,T128,1
gpcr_D152,interacts,T16,1
ic_D27,interacts,T76,1
e_D301,interacts,T294,1
e_D262,interacts,T503,1
gpcr_D112,interacts,T22,1
gpcr_D126,interacts,T45,1
e_D201,interacts,T520,1
ic_D20,interacts,T193,1
ic_D59,interacts,T161,1
ic_D5,interacts,T90,1
ic_D139,interacts,T149,1
ic_D174,interacts,T149,1
gpcr_D19,interacts,T25,1
e_D215,interacts,T519,1
e_D72,interacts,T93,1
e_D427,interacts,T608,1
e_D2,interacts,T201,1
e_D70,interacts,T396,1
gpcr_D50,interacts,T5,1
ic_D29,interacts,T157,1
e_D29,interacts,T543,1
e_D179,interacts,T605,1
gpcr_D5,interacts,T22,1
gpcr_D58,interacts,T16,1
ic_D54,interacts,T195,1
e_D211,interacts,T271,1
e_D31,interacts,T520,1
e_D440,interacts,T341,1
e_D252,interacts,T454,1
e_D260,interacts,T86,1
e_D149,interacts,T241,1
e_D109,interacts,T212,1
e_D273,interacts,T395,1
e_D372,interacts,T535,1
ic_D14,interacts,T54,1
e_D301,interacts,T356,1
ic_D89,interacts,T153,1
e_D41,interacts,T252,1
gpcr_D63,interacts,T30,1
e_D242,interacts,T520,1
e_D431,interacts,T152,1
nr_D51,interacts,T2,1
ic_D176,interacts,T92,1
e_D64,interacts,T82,1
gpcr_D126,interacts,T26,1
ic_D15,interacts,T131,1
e_D230,interacts,T583,1
ic_D55,interacts,T38,1
ic_D124,interacts,T95,1
ic_D172,interacts,T71,1
ic_D94,interacts,T128,1
e_D108,interacts,T90,1
e_D262,interacts,T159,1
ic_D142,interacts,T146,1
e_D372,interacts,T147,1
gpcr_D38,interacts,T2,1
ic_D56,interacts,T153,1
ic_D68,interacts,T30,1
nr_D17,interacts,T23,1
ic_D38,interacts,T188,1
e_D164,interacts,T101,1
gpcr_D98,interacts,T54,1
ic_D144,interacts,T176,1
ic_D159,interacts,T157,1
ic_D79,interacts,T171,1
e_D41,interacts,T647,1
ic_D63,interacts,T69,1
ic_D168,interacts,T29,1
e_D378,interacts,T550,1
ic_D164,interacts,T9,1
e_D198,interacts,T325,1
e_D93,interacts,T608,1
e_D315,interacts,T126,1
e_D90,interacts,T519,1
ic_D14,interacts,T186,1
e_D372,interacts,T490,1
e_D412,interacts,T107,1
ic_D8,interacts,T163,1
ic_D36,interacts,T165,1
gpcr_D184,interacts,T27,1
gpcr_D105,interacts,T25,1
ic_D20,interacts,T159,1
e_D372,interacts,T591,1
e_D218,interacts,T89,1
gpcr_D22,interacts,T4,1
e_D16,interacts,T167,1
e_D262,interacts,T539,1
e_D220,interacts,T93,1
e_D370,interacts,T200,1
e_D158,interacts,T124,1
e_D412,interacts,T97,1
e_D431,interacts,T303,1
ic_D38,interacts,T174,1
ic_D161,interacts,T149,1
e_D146,interacts,T89,1
ic_D61,interacts,T68,1
e_D6,interacts,T3,1
ic_D129,interacts,T109,1
ic_D94,interacts,T119,1
nr_D20,interacts,T2,1
e_D260,interacts,T96,1
e_D431,interacts,T355,1
e_D345,interacts,T324,1
ic_D17,interacts,T109,1
e_D372,interacts,T242,1
e_D378,interacts,T635,1
gpcr_D132,interacts,T52,1
ic_D115,interacts,T187,1
e_D398,interacts,T115,1
ic_D32,interacts,T95,1
e_D101,interacts,T97,1
ic_D93,interacts,T171,1
e_D142,interacts,T109,1
ic_D18,interacts,T33,1
e_D182,interacts,T612,1
nr_D2,interacts,T11,1
e_D8,interacts,T544,1
e_D278,interacts,T519,1
gpcr_D138,interacts,T21,1
e_D262,interacts,T156,1
e_D105,interacts,T86,1
gpcr_D38,interacts,T10,1
e_D131,interacts,T487,1
e_D412,interacts,T252,1
e_D149,interacts,T102,1
ic_D72,interacts,T169,1
e_D392,interacts,T502,1
e_D142,interacts,T409,1
e_D160,interacts,T519,1
ic_D53,interacts,T16,1
ic_D76,interacts,T90,1
ic_D13,interacts,T30,1
e_D131,interacts,T429,1
ic_D3,interacts,T65,1
e_D413,interacts,T95,1
e_D238,interacts,T27,1
ic_D182,interacts,T56,1
e_D262,interacts,T562,1
gpcr_D178,interacts,T52,1
nr_D47,interacts,T11,1
ic_D15,interacts,T134,1
e_D54,interacts,T468,1
nr_D25,interacts,T2,1
e_D142,interacts,T239,1
e_D411,interacts,T97,1
gpcr_D90,interacts,T48,1
e_D93,interacts,T39,1
e_D233,interacts,T99,1
ic_D15,interacts,T152,1
ic_D79,interacts,T175,1
ic_D6,interacts,T32,1
gpcr_D143,interacts,T52,1
ic_D49,interacts,T128,1
e_D88,interacts,T424,1
e_D99,interacts,T396,1
e_D163,interacts,T82,1
e_D64,interacts,T94,1
e_D238,interacts,T398,1
gpcr_D98,interacts,T49,1
ic_D168,interacts,T109,1
gpcr_D79,interacts,T19,1
e_D218,interacts,T86,1
ic_D66,interacts,T26,1
ic_D108,interacts,T139,1
nr_D44,interacts,T16,1
e_D385,interacts,T203,1
ic_D55,interacts,T27,1
e_D2,interacts,T349,1
ic_D94,interacts,T127,1
gpcr_D88,interacts,T46,1
e_D111,interacts,T403,1
e_D142,interacts,T88,1
e_D101,interacts,T109,1
ic_D67,interacts,T37,1
e_D411,interacts,T91,1
ic_D202,interacts,T163,1
e_D246,interacts,T442,1
e_D246,interacts,T424,1
e_D370,interacts,T539,1
ic_D14,interacts,T185,1
ic_D86,interacts,T66,1
nr_D39,interacts,T9,1
ic_D90,interacts,T155,1
ic_D164,interacts,T139,1
ic_D129,interacts,T110,1
ic_D208,interacts,T27,1
gpcr_D6,interacts,T83,1
ic_D111,interacts,T150,1
gpcr_D112,interacts,T19,1
e_D396,interacts,T533,1
e_D184,interacts,T607,1
ic_D59,interacts,T160,1
e_D187,interacts,T401,1
e_D149,interacts,T107,1
e_D190,interacts,T191,1
ic_D59,interacts,T131,1
e_D262,interacts,T331,1
e_D218,interacts,T100,1
gpcr_D157,interacts,T7,1
e_D1,interacts,T549,1
ic_D22,interacts,T4,1
e_D369,interacts,T188,1
gpcr_D142,interacts,T12,1
e_D369,interacts,T343,1
gpcr_D22,interacts,T53,1
e_D350,interacts,T325,1
gpcr_D152,interacts,T17,1
ic_D49,interacts,T178,1
e_D164,interacts,T380,1
e_D42,interacts,T211,1
e_D328,interacts,T581,1
e_D413,interacts,T146,1
gpcr_D59,interacts,T52,1
ic_D144,interacts,T188,1
e_D252,interacts,T23,1
ic_D174,interacts,T151,1
e_D212,interacts,T271,1
gpcr_D165,interacts,T85,1
e_D246,interacts,T658,1
ic_D19,interacts,T27,1
e_D149,interacts,T90,1
e_D431,interacts,T154,1
e_D252,interacts,T457,1
ic_D62,interacts,T26,1
e_D50,interacts,T117,1
gpcr_D44,interacts,T20,1
ic_D20,interacts,T188,1
e_D276,interacts,T407,1
e_D180,interacts,T610,1
e_D262,interacts,T555,1
e_D107,interacts,T202,1
e_D60,interacts,T115,1
e_D16,interacts,T465,1
e_D107,interacts,T585,1
e_D41,interacts,T98,1
e_D2,interacts,T601,1
e_D101,interacts,T104,1
ic_D144,interacts,T130,1
e_D432,interacts,T18,1
e_D371,interacts,T409,1
ic_D189,interacts,T132,1
ic_D121,interacts,T56,1
ic_D164,interacts,T191,1
ic_D176,interacts,T192,1
e_D412,interacts,T146,1
e_D50,interacts,T621,1
gpcr_D212,interacts,T64,1
e_D131,interacts,T435,1
gpcr_D67,interacts,T95,1
e_D115,interacts,T519,1
e_D370,interacts,T340,1
e_D378,interacts,T122,1
ic_D12,interacts,T66,1
e_D370,interacts,T156,1
ic_D66,interacts,T32,1
e_D2,interacts,T227,1
e_D431,interacts,T412,1
gpcr_D185,interacts,T76,1
gpcr_D28,interacts,T12,1
e_D40,interacts,T195,1
ic_D145,interacts,T144,1
ic_D49,interacts,T144,1
e_D96,interacts,T115,1
e_D149,interacts,T88,1
e_D413,interacts,T87,1
e_D286,interacts,T195,1
e_D372,interacts,T614,1
e_D218,interacts,T97,1
ic_D121,interacts,T152,1
ic_D84,interacts,T202,1
e_D325,interacts,T581,1
e_D134,interacts,T519,1
gpcr_D22,interacts,T5,1
e_D130,interacts,T623,1
e_D432,interacts,T573,1
gpcr_D27,interacts,T81,1
gpcr_D24,interacts,T45,1
ic_D108,interacts,T191,1
e_D301,interacts,T355,1
e_D331,interacts,T93,1
gpcr_D193,interacts,T20,1
e_D369,interacts,T157,1
e_D103,interacts,T97,1
e_D40,interacts,T384,1
e_D209,interacts,T271,1
e_D220,interacts,T95,1
e_D412,interacts,T88,1
e_D432,interacts,T343,1
e_D117,interacts,T103,1
ic_D82,interacts,T181,1
ic_D47,interacts,T30,1
e_D430,interacts,T357,1
e_D244,interacts,T400,1
ic_D59,interacts,T188,1
e_D108,interacts,T241,1
gpcr_D180,interacts,T81,1
e_D180,interacts,T607,1
ic_D144,interacts,T172,1
e_D111,interacts,T395,1
e_D131,interacts,T431,1
ic_D2,interacts,T157,1
e_D1,interacts,T171,1
e_D246,interacts,T48,1
e_D246,interacts,T624,1
e_D64,interacts,T622,1
e_D179,interacts,T613,1
gpcr_D26,interacts,T11,1
ic_D47,interacts,T36,1
ic_D176,interacts,T153,1
ic_D20,interacts,T198,1
ic_D14,interacts,T82,1
e_D100,interacts,T519,1
ic_D47,interacts,T132,1
e_D243,interacts,T607,1
ic_D70,interacts,T157,1
ic_D6,interacts,T31,1
e_D131,interacts,T557,1
e_D370,interacts,T305,1
e_D142,interacts,T108,1
e_D175,interacts,T645,1
ic_D175,interacts,T144,1
e_D250,interacts,T581,1
e_D301,interacts,T242,1
e_D167,interacts,T79,1
ic_D38,interacts,T198,1
gpcr_D172,interacts,T19,1
e_D301,interacts,T157,1
ic_D29,interacts,T153,1
e_D41,interacts,T518,1
ic_D82,interacts,T193,1
e_D131,interacts,T402,1
ic_D176,interacts,T179,1
ic_D55,interacts,T33,1
ic_D101,interacts,T22,1
ic_D67,interacts,T135,1
gpcr_D102,interacts,T43,1
gpcr_D78,interacts,T16,1
e_D142,interacts,T556,1
e_D369,interacts,T340,1
e_D149,interacts,T110,1
e_D12,interacts,T195,1
e_D229,interacts,T341,1
e_D69,interacts,T85,1
e_D183,interacts,T607,1
e_D426,interacts,T346,1
gpcr_D101,interacts,T83,1
e_D132,interacts,T93,1
e_D16,interacts,T334,1
e_D181,interacts,T607,1
ic_D25,interacts,T85,1
ic_D103,interacts,T26,1
ic_D66,interacts,T49,1
e_D115,interacts,T520,1
e_D431,interacts,T149,1
ic_D84,interacts,T171,1
e_D180,interacts,T612,1
e_D41,interacts,T82,1
e_D246,interacts,T532,1
e_D371,interacts,T233,1
ic_D66,interacts,T30,1
e_D168,interacts,T91,1
ic_D97,interacts,T106,1
e_D372,interacts,T210,1
e_D378,interacts,T109,1
e_D162,interacts,T519,1
ic_D47,interacts,T10,1
e_D149,interacts,T392,1
e_D29,interacts,T199,1
ic_D94,interacts,T140,1
ic_D83,interacts,T79,1
e_D159,interacts,T93,1
e_D364,interacts,T590,1
e_D430,interacts,T149,1
e_D34,interacts,T520,1
e_D64,interacts,T373,1
e_D139,interacts,T302,1
e_D157,interacts,T164,1
ic_D163,interacts,T155,1
e_D131,interacts,T556,1
ic_D176,interacts,T107,1
gpcr_D115,interacts,T17,1
gpcr_D143,interacts,T19,1
e_D378,interacts,T98,1
ic_D82,interacts,T146,1
e_D140,interacts,T613,1
e_D339,interacts,T82,1
ic_D93,interacts,T181,1
ic_D20,interacts,T154,1
e_D38,interacts,T94,1
ic_D82,interacts,T188,1
e_D167,interacts,T599,1
nr_D43,interacts,T10,1
e_D131,interacts,T233,1
ic_D198,interacts,T149,1
e_D285,interacts,T496,1
gpcr_D186,interacts,T78,1
ic_D14,interacts,T141,1
e_D81,interacts,T605,1
ic_D61,interacts,T181,1
e_D260,interacts,T252,1
e_D187,interacts,T27,1
ic_D69,interacts,T33,1
e_D264,interacts,T520,1
e_D238,interacts,T376,1
e_D246,interacts,T423,1
e_D369,interacts,T294,1
e_D353,interacts,T233,1
e_D301,interacts,T535,1
nr_D38,interacts,T2,1
e_D292,interacts,T115,1
ic_D20,interacts,T130,1
gpcr_D76,interacts,T16,1
e_D165,interacts,T373,1
e_D301,interacts,T303,1
ic_D135,interacts,T181,1
e_D71,interacts,T233,1
e_D369,interacts,T355,1
ic_D144,interacts,T144,1
ic_D122,interacts,T8,1
e_D254,interacts,T233,1
ic_D49,interacts,T130,1
ic_D14,interacts,T71,1
e_D164,interacts,T111,1
e_D111,interacts,T406,1
ic_D80,interacts,T69,1
e_D262,interacts,T355,1
e_D244,interacts,T406,1
e_D301,interacts,T187,1
e_D411,interacts,T100,1
e_D34,interacts,T211,1
e_D87,interacts,T424,1
gpcr_D49,interacts,T17,1
e_D369,interacts,T153,1
gpcr_D18,interacts,T18,1
e_D40,interacts,T16,1
e_D54,interacts,T638,1
e_D213,interacts,T347,1
e_D218,interacts,T96,1
e_D304,interacts,T641,1
ic_D86,interacts,T50,1
ic_D159,interacts,T187,1
gpcr_D204,interacts,T23,1
e_D317,interacts,T399,1
e_D1,interacts,T285,1
ic_D61,interacts,T67,1
ic_D147,interacts,T150,1
ic_D18,interacts,T27,1
e_D111,interacts,T27,1
ic_D59,interacts,T147,1
gpcr_D217,interacts,T63,1
e_D301,interacts,T343,1
ic_D208,interacts,T30,1
e_D65,interacts,T610,1
gpcr_D157,interacts,T4,1
ic_D98,interacts,T106,1
e_D50,interacts,T205,1
e_D267,interacts,T519,1
e_D231,interacts,T589,1
e_D369,interacts,T360,1
gpcr_D161,interacts,T22,1
gpcr_D44,interacts,T17,1
e_D432,interacts,T490,1
e_D369,interacts,T160,1
e_D50,interacts,T145,1
gpcr_D173,interacts,T5,1
e_D370,interacts,T147,1
ic_D100,interacts,T66,1
e_D118,interacts,T212,1
ic_D61,interacts,T128,1
ic_D82,interacts,T133,1
e_D431,interacts,T155,1
e_D330,interacts,T519,1
ic_D57,interacts,T47,1
ic_D152,interacts,T145,1
ic_D84,interacts,T179,1
e_D306,interacts,T376,1
e_D69,interacts,T98,1
gpcr_D119,interacts,T4,1
ic_D47,interacts,T39,1
e_D91,interacts,T238,1
e_D164,interacts,T99,1
e_D27,interacts,T319,1
ic_D57,interacts,T48,1
gpcr_D143,interacts,T16,1
ic_D102,interacts,T26,1
e_D262,interacts,T327,1
gpcr_D20,interacts,T4,1
e_D210,interacts,T271,1
ic_D10,interacts,T153,1
ic_D202,interacts,T164,1
e_D233,interacts,T88,1
ic_D13,interacts,T31,1
gpcr_D74,interacts,T22,1
e_D164,interacts,T103,1
e_D372,interacts,T185,1
e_D77,interacts,T318,1
ic_D4,interacts,T7,1
e_D255,interacts,T440,1
e_D346,interacts,T325,1
e_D125,interacts,T519,1
e_D385,interacts,T204,1
ic_D64,interacts,T36,1
ic_D121,interacts,T148,1
ic_D2,interacts,T164,1
nr_D31,interacts,T13,1
e_D50,interacts,T546,1
e_D306,interacts,T396,1
ic_D176,interacts,T180,1
e_D301,interacts,T147,1
e_D18,interacts,T350,1
e_D262,interacts,T6,1
e_D437,interacts,T589,1
ic_D15,interacts,T127,1
e_D117,interacts,T88,1
e_D42,interacts,T214,1
e_D158,interacts,T122,1
ic_D176,interacts,T67,1
e_D329,interacts,T164,1
e_D54,interacts,T473,1
nr_D22,interacts,T10,1
e_D105,interacts,T97,1
e_D260,interacts,T98,1
gpcr_D18,interacts,T24,1
nr_D44,interacts,T14,1
e_D442,interacts,T91,1
e_D41,interacts,T86,1
e_D69,interacts,T380,1
e_D93,interacts,T613,1
ic_D176,interacts,T187,1
e_D301,interacts,T160,1
e_D41,interacts,T28,1
e_D369,interacts,T154,1
e_D101,interacts,T84,1
e_D369,interacts,T322,1
e_D280,interacts,T520,1
e_D99,interacts,T640,1
e_D105,interacts,T92,1
ic_D14,interacts,T91,1
gpcr_D166,interacts,T33,1
e_D164,interacts,T96,1
gpcr_D178,interacts,T16,1
ic_D14,interacts,T196,1
ic_D121,interacts,T131,1
e_D326,interacts,T16,1
gpcr_D49,interacts,T19,1
gpcr_D46,interacts,T84,1
gpcr_D30,interacts,T79,1
e_D131,interacts,T264,1
e_D1,interacts,T60,1
e_D111,interacts,T432,1
e_D108,interacts,T99,1
gpcr_D77,interacts,T21,1
e_D69,interacts,T83,1
ic_D142,interacts,T145,1
e_D52,interacts,T519,1
ic_D39,interacts,T171,1
nr_D44,interacts,T21,1
ic_D108,interacts,T15,1
e_D29,interacts,T131,1
gpcr_D161,interacts,T16,1
e_D54,interacts,T637,1
ic_D64,interacts,T31,1
e_D371,interacts,T27,1
ic_D33,interacts,T99,1
e_D16,interacts,T117,1
ic_D49,interacts,T142,1
e_D142,interacts,T380,1
ic_D68,interacts,T36,1
e_D274,interacts,T376,1
e_D256,interacts,T214,1
e_D164,interacts,T392,1
ic_D19,interacts,T30,1
e_D69,interacts,T635,1
e_D208,interacts,T237,1
e_D360,interacts,T527,1
gpcr_D59,interacts,T51,1
e_D431,interacts,T340,1
ic_D179,interacts,T145,1
e_D279,interacts,T582,1
e_D91,interacts,T125,1
ic_D187,interacts,T26,1
e_D41,interacts,T91,1
ic_D84,interacts,T180,1
ic_D176,interacts,T98,1
e_D176,interacts,T352,1
e_D54,interacts,T134,1
ic_D18,interacts,T32,1
e_D16,interacts,T14,1
gpcr_D40,interacts,T77,1
e_D16,interacts,T486,1
e_D339,interacts,T85,1
gpcr_D214,interacts,T64,1
e_D12,interacts,T542,1
e_D441,interacts,T484,1
gpcr_D95,interacts,T23,1
e_D358,interacts,T395,1
gpcr_D68,interacts,T4,1
ic_D7,interacts,T4,1
e_D337,interacts,T334,1
e_D411,interacts,T96,1
e_D288,interacts,T271,1
e_D262,interacts,T161,1
gpcr_D178,interacts,T7,1
e_D360,interacts,T629,1
e_D1,interacts,T22,1
gpcr_D178,interacts,T6,1
nr_D27,interacts,T6,1
e_D289,interacts,T520,1
e_D117,interacts,T657,1
ic_D94,interacts,T161,1
e_D427,interacts,T302,1
ic_D14,interacts,T88,1
e_D142,interacts,T383,1
ic_D20,interacts,T145,1
e_D71,interacts,T640,1
e_D252,interacts,T594,1
ic_D49,interacts,T150,1
gpcr_D7,interacts,T27,1
ic_D84,interacts,T145,1
ic_D70,interacts,T127,1
e_D237,interacts,T520,1
e_D142,interacts,T393,1
e_D29,interacts,T137,1
e_D105,interacts,T635,1
e_D194,interacts,T189,1
ic_D161,interacts,T155,1
e_D304,interacts,T408,1
e_D432,interacts,T151,1
ic_D152,interacts,T4,1
ic_D14,interacts,T109,1
ic_D55,interacts,T39,1
e_D233,interacts,T550,1
e_D22,interacts,T119,1
ic_D176,interacts,T115,1
ic_D20,interacts,T133,1
nr_D7,interacts,T2,1
e_D179,interacts,T609,1
e_D301,interacts,T359,1
e_D34,interacts,T320,1
e_D8,interacts,T515,1
ic_D64,interacts,T32,1
e_D142,interacts,T103,1
e_D50,interacts,T427,1
e_D71,interacts,T400,1
e_D182,interacts,T302,1
nr_D46,interacts,T11,1
ic_D174,interacts,T45,1
e_D378,interacts,T146,1
e_D131,interacts,T641,1
ic_D206,interacts,T132,1
gpcr_D22,interacts,T50,1
ic_D180,interacts,T31,1
e_D254,interacts,T211,1
ic_D14,interacts,T203,1
e_D262,interacts,T155,1
e_D273,interacts,T406,1
e_D164,interacts,T89,1
gpcr_D136,interacts,T24,1
ic_D167,interacts,T12,1
e_D358,interacts,T409,1
e_D430,interacts,T535,1
ic_D20,interacts,T157,1
e_D69,interacts,T95,1
ic_D10,interacts,T131,1
gpcr_D9,interacts,T27,1
e_D50,interacts,T167,1
e_D233,interacts,T146,1
ic_D64,interacts,T26,1
e_D294,interacts,T583,1
ic_D176,interacts,T146,1
e_D41,interacts,T657,1
e_D371,interacts,T395,1
e_D358,interacts,T400,1
ic_D82,interacts,T142,1
e_D255,interacts,T42,1
e_D140,interacts,T605,1
e_D71,interacts,T409,1
e_D69,interacts,T88,1
gpcr_D152,interacts,T18,1
ic_D144,interacts,T146,1
ic_D72,interacts,T190,1
e_D372,interacts,T294,1
e_D142,interacts,T99,1
ic_D20,interacts,T150,1
ic_D179,interacts,T4,1
ic_D144,interacts,T190,1
e_D165,interacts,T32,1
e_D262,interacts,T481,1
e_D108,interacts,T82,1
e_D108,interacts,T83,1
ic_D72,interacts,T175,1
e_D269,interacts,T519,1
ic_D176,interacts,T182,1
e_D301,interacts,T150,1
gpcr_D91,interacts,T51,1
e_D117,interacts,T635,1
ic_D3,interacts,T64,1
gpcr_D128,interacts,T45,1
e_D233,interacts,T83,1
e_D191,interacts,T164,1
gpcr_D202,interacts,T6,1
ic_D94,interacts,T159,1
ic_D174,interacts,T147,1
e_D12,interacts,T66,1
e_D111,interacts,T417,1
e_D369,interacts,T242,1
e_D1,interacts,T223,1
ic_D10,interacts,T150,1
ic_D28,interacts,T149,1
e_D431,interacts,T151,1
gpcr_D174,interacts,T16,1
ic_D161,interacts,T147,1
e_D233,interacts,T252,1
ic_D84,interacts,T146,1
gpcr_D49,interacts,T45,1
gpcr_D64,interacts,T30,1
e_D131,interacts,T291,1
e_D255,interacts,T78,1
gpcr_D78,interacts,T18,1
ic_D67,interacts,T30,1
ic_D191,interacts,T9,1
e_D142,interacts,T224,1
ic_D82,interacts,T67,1
e_D432,interacts,T147,1
e_D114,interacts,T62,1
nr_D11,interacts,T11,1
ic_D38,interacts,T172,1
gpcr_D223,interacts,T55,1
ic_D163,interacts,T147,1
ic_D195,interacts,T18,1
ic_D210,interacts,T153,1
e_D69,interacts,T84,1
ic_D168,interacts,T26,1
e_D105,interacts,T28,1
e_D215,interacts,T520,1
gpcr_D217,interacts,T64,1
e_D301,interacts,T331,1
ic_D176,interacts,T100,1
e_D374,interacts,T222,1
gpcr_D22,interacts,T20,1
e_D320,interacts,T424,1
gpcr_D1,interacts,T59,1
ic_D176,interacts,T170,1
e_D117,interacts,T93,1
ic_D155,interacts,T167,1
e_D136,interacts,T191,1
e_D374,interacts,T645,1
e_D370,interacts,T591,1
e_D119,interacts,T520,1
ic_D82,interacts,T171,1
e_D105,interacts,T105,1
